contest_id,jurisdiction,party,name_zh,name_en,file,licence,attribution,source_url,status
TPE-EXECUTIVE-1,臺北市,KMT,蔣萬安,,TPE-EXECUTIVE-1-KMT-chiang-wan-an.jpg,Attribution,臺北市政府,https://commons.wikimedia.org/wiki/File:%E8%94%A3%E8%90%AC%E5%AE%89%E5%B8%82%E9%95%B7_(cropped).jpg,已存在，跳過
TPE-EXECUTIVE-1,臺北市,DPP,沈伯洋,,TPE-EXECUTIVE-1-DPP-puma-shen.jpg,Attribution,立法院,https://commons.wikimedia.org/wiki/File:Puma_Shen_2024.jpg,已存在，跳過
NTP-EXECUTIVE-1,新北市,KMT,李四川,,NTP-EXECUTIVE-1-KMT-lee-shu-chuan.jpg,Attribution,臺北市政府,https://commons.wikimedia.org/wiki/File:Lee_Shu-chuan_2023.jpg,已存在，跳過
NTP-EXECUTIVE-1,新北市,DPP,蘇巧慧,,NTP-EXECUTIVE-1-DPP-su-chiao-hui.jpg,Attribution,立法院,https://commons.wikimedia.org/wiki/File:%E8%98%87%E5%B7%A7%E6%85%A7%E5%A7%94%E5%93%A1.jpg,已存在，跳過
TAO-EXECUTIVE-1,桃園市,KMT,張善政,,TAO-EXECUTIVE-1-KMT-chang-san-cheng.jpg,Attribution,中華民國內政部,https://commons.wikimedia.org/wiki/File:%E6%A1%83%E5%9C%92%E5%B8%82%E9%95%B7%E5%BC%B5%E5%96%84%E6%94%BF.jpg,已存在，跳過
TAO-EXECUTIVE-1,桃園市,DPP,黃世杰,Huang Shih-chieh,TAO-MAYOR-002.webp,Official profile,立法院,https://www.ly.gov.tw/Pages/List.aspx?nodeid=38607,已下載並轉為 WebP
TXG-EXECUTIVE-1,臺中市,KMT,江啟臣,Johnny Chiang,TXG-EXECUTIVE-1-KMT-johnny-chiang.jpg,Attribution,立法院,https://commons.wikimedia.org/wiki/File:%E6%B1%9F%E5%95%9F%E8%87%A3%E5%A7%94%E5%93%A1.jpg,已下載 47KB
TXG-EXECUTIVE-1,臺中市,DPP,何欣純,Ho Hsin-chun,TXG-EXECUTIVE-1-DPP-ho-hsin-chun.jpg,Attribution,立法院全球資訊網,https://commons.wikimedia.org/wiki/File:%E7%AC%AC%E5%8D%81%E4%B8%80%E5%B1%86%E7%AB%8B%E6%B3%95%E5%A7%94%E5%93%A1%E4%BD%95%E6%AC%A3%E7%B4%94%E8%82%96%E5%83%8F.jpg,已下載 295KB
TNN-EXECUTIVE-1,臺南市,KMT,謝龍介,Hsieh Lung-chieh,TNN-EXECUTIVE-1-KMT-hsieh-lung-chieh.jpg,Attribution,立法院全球資訊網,https://commons.wikimedia.org/wiki/File:%E8%AC%9D%E9%BE%8D%E4%BB%8B%E8%82%96%E5%83%8F.jpg,已下載 24KB
TNN-EXECUTIVE-1,臺南市,DPP,陳亭妃,Chen Ting-fei,TNN-EXECUTIVE-1-DPP-chen-ting-fei.jpg,Attribution,立法院,https://commons.wikimedia.org/wiki/File:%E9%99%B3%E4%BA%AD%E5%A6%83%E5%A7%94%E5%93%A1.jpg,已下載 18KB
KHH-EXECUTIVE-1,高雄市,KMT,柯志恩,Ko Chih-en,KHH-EXECUTIVE-1-KMT-ko-chih-en.jpg,Attribution,立法院全球資訊網,https://commons.wikimedia.org/wiki/File:%E6%9F%AF%E5%BF%97%E6%81%A9%E8%82%96%E5%83%8F.jpg,已下載 71KB
KHH-EXECUTIVE-1,高雄市,DPP,賴瑞隆,Lai Jui-lung,KHH-EXECUTIVE-1-DPP-lai-jui-lung.jpg,Attribution,立法院,https://commons.wikimedia.org/wiki/File:%E7%AB%8B%E6%B3%95%E5%A7%94%E5%93%A1%E8%B3%B4%E7%91%9E%E9%9A%86.jpg,已下載 24KB
KEE-EXECUTIVE-1,基隆市,KMT,謝國樑,George Hsieh,KEE-EXECUTIVE-1-KMT-george-hsieh.jpg,Attribution,​基隆市政府,https://commons.wikimedia.org/wiki/File:%E8%AC%9D%E5%9C%8B%E6%A8%91%E5%B8%82%E9%95%B7.jpg,已下載 15KB
KEE-EXECUTIVE-1,基隆市,DPP,童子瑋,Tong Tzu-wei,KEE-EXECUTIVE-1-DPP-tong-tzu-wei.jpg,CC BY-SA 4.0,CHENGYITERRYLiN,https://commons.wikimedia.org/wiki/File:%E7%AB%A5%E5%AD%90%E7%91%8B%E8%AD%B0%E9%95%B7.jpg,已下載 22KB
ILA-EXECUTIVE-1,宜蘭縣,IND,吳宗憲,,ILA-MAYOR-001.webp,Official profile,立法院,https://www.ly.gov.tw/Pages/List.aspx?nodeid=46767,已下載並轉為 WebP
ILA-EXECUTIVE-1,宜蘭縣,DPP,林國漳,,ILA-MAYOR-002.webp,Source publication,The Hub News / PChome,https://news.pchome.com.tw/society/thehubnews/20260327/index-77459305577863306002.html,已下載並轉為 WebP
HSQ-EXECUTIVE-1,新竹縣,KMT,徐欣瑩,Hsu Hsin-ying,HSQ-EXECUTIVE-1-KMT-hsu-hsin-ying.jpg,Attribution,立法院,https://commons.wikimedia.org/wiki/File:%E5%BE%90%E6%AC%A3%E7%91%A9%E5%A7%94%E5%93%A1.jpg,已下載 61KB
HSQ-EXECUTIVE-1,新竹縣,DPP,鄭朝方,Cheng Chao-fang,HSQ-EXECUTIVE-1-DPP-cheng-chao-fang.jpg,CC BY-SA 4.0,Kevin91406039,https://commons.wikimedia.org/wiki/File:%E7%AB%B9%E5%8C%97%E5%B8%82%E5%B8%82%E9%95%B7%E9%84%AD%E6%9C%9D%E6%96%B9.jpg,已下載 17KB
HSZ-EXECUTIVE-1,新竹市,IND,高虹安,Ann Kao,HSZ-EXECUTIVE-1-IND-ann-kao.jpg,Attribution,新竹市政府,https://commons.wikimedia.org/wiki/File:%E6%96%B0%E7%AB%B9%E5%B8%82%E9%95%B7%E9%AB%98%E8%99%B9%E5%AE%89.jpg,已下載（黨籍更正：2024 一審有罪後退出民眾黨，以無黨籍尋求連任，國民黨支持）
HSZ-EXECUTIVE-1,新竹市,DPP,莊競程,Chuang Ching-cheng,HSZ-EXECUTIVE-1-DPP-chuang-ching-cheng.jpg,Attribution,中華民國立法院,https://commons.wikimedia.org/wiki/File:%E7%AB%8B%E6%B3%95%E5%A7%94%E5%93%A1%E8%8E%8A%E7%AB%B6%E7%A8%8B.jpg,已下載 250KB
MIA-EXECUTIVE-1,苗栗縣,KMT,鍾東錦,Chung Tung-chin,MIA-EXECUTIVE-1-KMT-chung-tung-chin.jpg,Attribution,苗栗縣政府,https://commons.wikimedia.org/wiki/File:Chung_Tung-chin.jpg,已下載 49KB
MIA-EXECUTIVE-1,苗栗縣,DPP,陳品安,Chen Ping-an,MIA-EXECUTIVE-1-DPP-chen-ping-an.jpg,Attribution,內政部,https://commons.wikimedia.org/wiki/File:%E9%99%B3%E5%93%81%E5%AE%89%E8%AD%B0%E5%93%A1.jpg,已下載 20KB
CHA-EXECUTIVE-1,彰化縣,KMT,魏平政,,CHA-MAYOR-001.webp,Source publication,壹蘋新聞網,https://news.nextapple.com/local/20260512/52B017F4222D87CA14B8B6DD59DFE458,已下載並轉為 WebP
CHA-EXECUTIVE-1,彰化縣,DPP,陳素月,Chen Su-yueh,CHA-EXECUTIVE-1-DPP-chen-su-yueh.jpg,Attribution,立法院,https://commons.wikimedia.org/wiki/File:%E7%AB%8B%E6%B3%95%E5%A7%94%E5%93%A1%E9%99%B3%E7%B4%A0%E6%9C%88.jpg,已下載 61KB
NAN-EXECUTIVE-1,南投縣,KMT,許淑華,Hsu Shu-hua,NAN-EXECUTIVE-1-KMT-hsu-shu-hua.jpg,CC BY-SA 4.0,沈昱清,https://commons.wikimedia.org/wiki/File:Hsu_Shu-Hua_by_%E6%B2%88%E6%98%B1%E6%B8%85_01_(cropped).jpg,已下載 34KB（Wikidata P18 / Q18659220）
NAN-EXECUTIVE-1,南投縣,DPP,温世政,Wen Shih-cheng,NAN-EXECUTIVE-1-DPP-wen-shih-cheng.jpg,CC BY 4.0,總統府,https://commons.wikimedia.org/wiki/File:%E6%BA%AB%E4%B8%96%E6%94%BF_2026_1.jpg,已下載 28KB
YUN-EXECUTIVE-1,雲林縣,KMT,張嘉郡,Chang Chia-chun,YUN-EXECUTIVE-1-KMT-chang-chia-chun.jpg,CC0,張嘉郡,https://commons.wikimedia.org/wiki/File:%E5%BC%B5%E5%98%89%E9%83%A12024_03.jpg,已下載 20KB
YUN-EXECUTIVE-1,雲林縣,DPP,劉建國,Liu Chien-kuo,YUN-MAYOR-002.webp,Official profile,立法院,https://www.ly.gov.tw/Pages/List.aspx?nodeid=46841,已下載並轉為 WebP
CYQ-EXECUTIVE-1,嘉義縣,IND,吳品叡,,CYQ-MAYOR-001.webp,Source publication,TVBS,https://news.tvbs.com.tw/politics/3249350,已下載並轉為 WebP
CYQ-EXECUTIVE-1,嘉義縣,DPP,蔡易餘,Tsai Yi-yu,CYQ-EXECUTIVE-1-DPP-tsai-yi-yu.jpg,Attribution,立法院,https://commons.wikimedia.org/wiki/File:%E7%AB%8B%E6%B3%95%E5%A7%94%E5%93%A1%E8%94%A1%E6%98%93%E9%A4%98.jpg,已下載 22KB
CYI-EXECUTIVE-1,嘉義市,TPP,張啓楷,Chang Chi-kai,CYI-EXECUTIVE-1-TPP-chang-chi-kai.jpg,Attribution,立法院全球資訊網,https://commons.wikimedia.org/wiki/File:%E5%BC%B5%E5%95%93%E6%A5%B7%E8%82%96%E5%83%8F.jpg,已下載 47KB
CYI-EXECUTIVE-1,嘉義市,DPP,王美惠,Wang Mei-hui,CYI-EXECUTIVE-1-DPP-wang-mei-hui.jpg,Attribution,中華民國立法院,https://commons.wikimedia.org/wiki/File:%E7%AB%8B%E6%B3%95%E5%A7%94%E5%93%A1_%E7%8E%8B%E7%BE%8E%E6%83%A0.jpg,已下載 299KB
PIF-EXECUTIVE-1,屏東縣,KMT,蘇清泉,Su Ching-chuan,PIF-EXECUTIVE-1-KMT-su-ching-chuan.jpg,Attribution,立法院全球資訊網,https://commons.wikimedia.org/wiki/File:%E8%98%87%E6%B8%85%E6%B3%89%E8%82%96%E5%83%8F.jpg,已下載 64KB
PIF-EXECUTIVE-1,屏東縣,DPP,周春米,Chou Chun-mi,PIF-EXECUTIVE-1-DPP-chou-chun-mi.jpg,Attribution,屏東縣政府,https://commons.wikimedia.org/wiki/File:%E5%91%A8%E6%98%A5%E7%B1%B3%E7%B8%A3%E9%95%B7.jpg,已下載 54KB
HUA-EXECUTIVE-1,花蓮縣,KMT,游淑貞,,HUA-MAYOR-001.webp,Government website,花蓮縣吉安鄉公所,https://www.ji-an.gov.tw/data/1?cate=1,已下載並轉為 WebP
HUA-EXECUTIVE-1,花蓮縣,IND,張峻,Zhang Jun,HUA-EXECUTIVE-1-IND-zhang-jun.jpg,Public domain,花蓮縣議會,https://commons.wikimedia.org/wiki/File:%E8%8A%B1%E8%93%AE%E7%B8%A3%E8%AD%B0%E6%9C%83%E5%BC%B5%E5%B3%BB%E8%AD%B0%E9%95%B7.jpg,已下載 25KB（英文媒體確認官方英文名）｜黨籍更正：前國民黨籍，以無黨籍參選；民進黨僅為可能合作對象，非其提名人
TTT-EXECUTIVE-1,臺東縣,KMT,吳秀華,Wu Hsiu-hua,TTT-MAYOR-001.webp,Source publication,台灣好報,https://www.kingtop.com.tw/detail.php?id=39080&type=popular,已下載並轉為 WebP
TTT-EXECUTIVE-1,臺東縣,DPP,陳瑩,Asenay Daliyalrep,TTT-EXECUTIVE-1-DPP-asenay-daliyalrep.jpg,Attribution,​立法院,https://commons.wikimedia.org/wiki/File:%E7%AB%8B%E6%B3%95%E5%A7%94%E5%93%A1%E9%99%B3%E7%91%A9.jpg,已下載 33KB（英文媒體確認官方英文名）｜官方英文名為卑南族名 Asenay Daliyalrep，非「陳瑩」音譯
PEN-EXECUTIVE-1,澎湖縣,KMT,陳振中,Chen Chen-chung,PEN-EXECUTIVE-1-KMT-chen-chen-chung.jpg,Attribution,中華民國內政部,https://commons.wikimedia.org/wiki/File:%E6%BE%8E%E6%B9%96%E7%B8%A3%E7%AC%AC19%E5%B1%86%E8%AD%B0%E5%93%A1%EF%BC%9A%E9%99%B3%E6%8C%AF%E4%B8%AD.jpg,已下載 33KB（英文媒體確認官方英文名）
PEN-EXECUTIVE-1,澎湖縣,DPP,吳淑瑾,Wu Shu-ching,PEN-MAYOR-002.webp,Source publication,太報,https://www.taisounds.com/news/content/71/262875,已下載；使用 imagegen 移除講台、麥克風、文字與標誌，保留人物外觀
KIN-EXECUTIVE-1,金門縣,KMT,陳玉珍,Chen Yu-jen,KIN-EXECUTIVE-1-KMT-chen-yu-jen.jpg,Attribution,立法院,https://commons.wikimedia.org/wiki/File:%E9%99%B3%E7%8E%89%E7%8F%8D%E5%A7%94%E5%93%A1.jpg,已下載（英文維基確認：金門縣立委，1973 生；中文條目為消歧義頁）
LIE-EXECUTIVE-1,連江縣,KMT,王忠銘,Wang Chung-ming,LIE-EXECUTIVE-1-KMT-wang-chung-ming.jpg,Attribution,連江縣選舉委員會,https://commons.wikimedia.org/wiki/File:%E7%8E%8B%E5%BF%A0%E9%8A%98%E8%82%96%E5%83%8F.jpg,已下載 18KB（Wikidata P18 / Q115005512）
CHA-COUNCIL-1,彰化縣,TPP,吳韋達,,TPP-CHA-COUNCIL-1-01.webp,政黨／候選人提供,台灣民眾黨提供,https://tainan.olc.tw/p/2026/data/photos/tpp_210.png,已裁切為 avatar
CHA-COUNCIL-10,彰化縣,TPP,高采翎,,TPP-CHA-COUNCIL-10-01.webp,政黨／候選人提供,台灣民眾黨提供,https://tainan.olc.tw/p/2026/data/photos/tpp_212.png,已裁切為 avatar
CHA-COUNCIL-3,彰化縣,TPP,蘇智弦,,TPP-CHA-COUNCIL-3-01.webp,政黨／候選人提供,台灣民眾黨提供,https://tainan.olc.tw/p/2026/data/photos/tpp_214.png,已裁切為 avatar
CHA-COUNCIL-4,彰化縣,TPP,張雪如,,TPP-CHA-COUNCIL-4-01.webp,政黨／候選人提供,台灣民眾黨提供,https://tainan.olc.tw/p/2026/data/photos/tpp_213.png,已裁切為 avatar
CHA-COUNCIL-8,彰化縣,TPP,洪雅婷,,TPP-CHA-COUNCIL-8-01.webp,政黨／候選人提供,台灣民眾黨提供,https://tainan.olc.tw/p/2026/data/photos/tpp_211.png,已裁切為 avatar
CYI-COUNCIL-1,嘉義市,TPP,林昱孜,,TPP-CYI-COUNCIL-1-01.webp,政黨／候選人提供,台灣民眾黨提供,https://tainan.olc.tw/p/2026/data/photos/tpp_208.png,已裁切為 avatar
CYQ-COUNCIL-4,嘉義縣,TPP,萬家甫,,TPP-CYQ-COUNCIL-4-01.webp,政黨／候選人提供,台灣民眾黨提供,https://tainan.olc.tw/p/2026/data/photos/tpp_209.png,已裁切為 avatar
HSQ-COUNCIL-2,新竹縣,TPP,游雅婷,,TPP-HSQ-COUNCIL-2-01.webp,政黨／候選人提供,台灣民眾黨提供,https://tainan.olc.tw/p/2026/data/photos/tpp_206.png,已裁切為 avatar
HSQ-COUNCIL-2,新竹縣,TPP,林碩彥,,TPP-HSQ-COUNCIL-2-02.webp,政黨／候選人提供,台灣民眾黨提供,https://tainan.olc.tw/p/2026/data/photos/tpp_204.png,已裁切為 avatar
HSQ-COUNCIL-3,新竹縣,TPP,陳岫玫,,TPP-HSQ-COUNCIL-3-01.webp,政黨／候選人提供,台灣民眾黨提供,https://tainan.olc.tw/p/2026/data/photos/tpp_159.png,已裁切為 avatar
HSQ-COUNCIL-4,新竹縣,TPP,徐勝凌,,TPP-HSQ-COUNCIL-4-01.webp,政黨／候選人提供,台灣民眾黨提供,https://tainan.olc.tw/p/2026/data/photos/tpp_205.png,已裁切為 avatar
HSQ-COUNCIL-9,新竹縣,IND,林裙靜,,GPT-HSQ-COUNCIL-9-01.webp,政黨／候選人提供,台灣前進陣線,https://taiwangogo.tw/assets/faces/hero/lin-chun-ching.webp,已裁切為 avatar
HSQ-COUNCIL-9,新竹縣,TPP,鍾心渝,,TPP-HSQ-COUNCIL-9-01.webp,政黨／候選人提供,台灣民眾黨提供,https://tainan.olc.tw/p/2026/data/photos/tpp_207.png,已裁切為 avatar
HSZ-COUNCIL-1,新竹市,TPP,李國璋,,TPP-HSZ-COUNCIL-1-01.webp,政黨／候選人提供,台灣民眾黨提供,https://tainan.olc.tw/p/2026/data/photos/tpp_201.png,已裁切為 avatar
HSZ-COUNCIL-1,新竹市,TPP,宋品瑩,,TPP-HSZ-COUNCIL-1-02.webp,政黨／候選人提供,台灣民眾黨提供,https://tainan.olc.tw/p/2026/data/photos/tpp_199.png,已裁切為 avatar
HSZ-COUNCIL-2,新竹市,TPP,李玫,,TPP-HSZ-COUNCIL-2-01.webp,政黨／候選人提供,台灣民眾黨提供,https://tainan.olc.tw/p/2026/data/photos/tpp_200.png,已裁切為 avatar
HSZ-COUNCIL-3,新竹市,TPP,施淑婷,,TPP-HSZ-COUNCIL-3-01.webp,政黨／候選人提供,台灣民眾黨提供,https://tainan.olc.tw/p/2026/data/photos/photo_6a606e7d50104.jpg,已裁切為 avatar
HSZ-COUNCIL-4,新竹市,TPP,蔡文盛,,TPP-HSZ-COUNCIL-4-01.webp,政黨／候選人提供,台灣民眾黨提供,https://tainan.olc.tw/p/2026/data/photos/tpp_203.png,已裁切為 avatar
HSZ-COUNCIL-5,新竹市,TPP,葉國文,,TPP-HSZ-COUNCIL-5-01.webp,政黨／候選人提供,台灣民眾黨提供,https://tainan.olc.tw/p/2026/data/photos/tpp_202.png,已裁切為 avatar
HSZ-COUNCIL-7,新竹市,TPP,趙若芸,,TPP-HSZ-COUNCIL-7-01.webp,政黨／候選人提供,台灣民眾黨提供,https://tainan.olc.tw/p/2026/data/photos/tpp_243.png,已裁切為 avatar
HUA-COUNCIL-1,花蓮縣,TPP,蔡翼陽,,TPP-HUA-COUNCIL-1-01.webp,政黨／候選人提供,台灣民眾黨提供,https://tainan.olc.tw/p/2026/data/photos/photo_6a581fcc14039.jpg,已裁切為 avatar
HUA-COUNCIL-3,花蓮縣,TSP,孟繁嘉,,TSP-HUA-COUNCIL-3-01.webp,政黨／候選人提供,台灣前進陣線,https://taiwangogo.tw/assets/faces/hero/meng-fan-chia.webp,已裁切為 avatar
ILA-COUNCIL-1,宜蘭縣,TPP,林蒼佑,,TPP-ILA-COUNCIL-1-01.webp,政黨／候選人提供,台灣民眾黨提供,https://tainan.olc.tw/p/2026/data/photos/tpp_178.png,已裁切為 avatar
ILA-COUNCIL-6,宜蘭縣,TPP,王乾明,,TPP-ILA-COUNCIL-6-01.webp,政黨／候選人提供,台灣民眾黨提供,https://tainan.olc.tw/p/2026/data/photos/tpp_242.png,已裁切為 avatar
KEE-COUNCIL-1,基隆市,TPP,林廷翰,,TPP-KEE-COUNCIL-1-01.webp,政黨／候選人提供,台灣民眾黨提供,https://tainan.olc.tw/p/2026/data/photos/tpp_190.png,已裁切為 avatar
KEE-COUNCIL-2,基隆市,TPP,黃申棟,,TPP-KEE-COUNCIL-2-01.webp,政黨／候選人提供,台灣民眾黨提供,https://tainan.olc.tw/p/2026/data/photos/tpp_191.png,已裁切為 avatar
KEE-COUNCIL-4,基隆市,TPP,呂承祐,,TPP-KEE-COUNCIL-4-01.webp,政黨／候選人提供,台灣民眾黨提供,https://tainan.olc.tw/p/2026/data/photos/tpp_188.png,已裁切為 avatar
KEE-COUNCIL-5,基隆市,TPP,李文耀,,TPP-KEE-COUNCIL-5-01.webp,政黨／候選人提供,台灣民眾黨提供,https://tainan.olc.tw/p/2026/data/photos/tpp_189.png,已裁切為 avatar
KEE-COUNCIL-5,基隆市,TSP,吳程澤,,TSP-KEE-COUNCIL-5-01.webp,政黨／候選人提供,台灣前進陣線,https://taiwangogo.tw/assets/faces/hero/wu-cheng-tse.webp,已裁切為 avatar
KHH-COUNCIL-1,高雄市,DPP,林富寶,,KHH-COUNCIL-01-01.webp,政府網站公開照片,高雄市議會,https://ws.kcc.gov.tw/001/Upload/member/2171/60ccce90-0d79-44b0-b8db-9565bbe80cd8.png,已裁切為 avatar
KHH-COUNCIL-10,高雄市,DPP,鄭光峰,,KHH-COUNCIL-10-01.webp,政府網站公開照片,高雄市議會,https://ws.kcc.gov.tw/001/Upload/member/2220/e825777d-1c91-47d7-9b7e-e5c40409a991.png,已裁切為 avatar
KHH-COUNCIL-11,高雄市,DPP,李雨庭,,KHH-COUNCIL-11-03.webp,政府網站公開照片,高雄市議會,https://ws.kcc.gov.tw/001/Upload/member/2226/61413005-7ec1-4a35-a226-710fe7cac135.png,已裁切為 avatar
KHH-COUNCIL-2,高雄市,DPP,黃明太,,KHH-COUNCIL-02-02.webp,政府網站公開照片,高雄市議會,https://ws.kcc.gov.tw/001/Upload/member/2175/b317a63a-a9f6-4c53-9768-663728ab2800.png,已裁切為 avatar
KHH-COUNCIL-3,高雄市,DPP,林志誠,,KHH-COUNCIL-03-01.webp,政府網站公開照片,高雄市議會,https://ws.kcc.gov.tw/001/Upload/member/2178/6a033432-d344-443d-8416-92b54d859ee6.png,已裁切為 avatar
KHH-COUNCIL-3,高雄市,DPP,黃秋媖,,KHH-COUNCIL-03-02.webp,政府網站公開照片,高雄市議會,https://ws.kcc.gov.tw/001/Upload/member/2177/d4f8291d-b230-49b9-8750-c3010c22b00e.png,已裁切為 avatar
KHH-COUNCIL-4,高雄市,DPP,李雅慧,,KHH-COUNCIL-04-03.webp,政府網站公開照片,高雄市議會,https://ws.kcc.gov.tw/001/Upload/member/2188/20c3a93a-5347-487b-b75e-bd5cabf4cca5.png,已裁切為 avatar
KHH-COUNCIL-4,高雄市,DPP,黃文志,,KHH-COUNCIL-04-04.webp,政府網站公開照片,高雄市議會,https://ws.kcc.gov.tw/001/Upload/member/2185/35e71b27-65bb-4e79-aa7b-b0f9bc9c5ffb.png,已裁切為 avatar
KHH-COUNCIL-5,高雄市,DPP,黃飛鳳,,KHH-COUNCIL-05-01.webp,政府網站公開照片,高雄市議會,https://ws.kcc.gov.tw/001/Upload/member/2194/eea61abc-246a-46d7-973c-0af2e8b6dd2f.png,已裁切為 avatar
KHH-COUNCIL-5,高雄市,DPP,邱俊憲,,KHH-COUNCIL-05-02.webp,政府網站公開照片,高雄市議會,https://ws.kcc.gov.tw/001/Upload/member/2193/c5240262-14da-43d3-bb15-0527aba257e3.png,已裁切為 avatar
KHH-COUNCIL-5,高雄市,DPP,江瑞鴻,,KHH-COUNCIL-05-03.webp,政府網站公開照片,高雄市議會,https://ws.kcc.gov.tw/001/Upload/member/2190/081a610e-9ee8-41f9-a434-7ec28ae6966c.jpg,已裁切為 avatar
KHH-COUNCIL-5,高雄市,DPP,張勝富,,KHH-COUNCIL-05-04.webp,政府網站公開照片,高雄市議會,https://ws.kcc.gov.tw/001/Upload/member/2192/2de9de95-5e28-4f3b-a0c2-da34658a39a3.png,已裁切為 avatar
KHH-COUNCIL-6,高雄市,DPP,李喬如,,KHH-COUNCIL-06-01.webp,政府網站公開照片,高雄市議會,https://ws.kcc.gov.tw/001/Upload/member/2195/1f30a67c-065e-4eab-9da2-cfb46a8822b1.png,已裁切為 avatar
KHH-COUNCIL-6,高雄市,DPP,簡煥宗,,KHH-COUNCIL-06-02.webp,政府網站公開照片,高雄市議會,https://ws.kcc.gov.tw/001/Upload/member/2197/76d08052-0d63-41af-bc52-ff15f178130f.png,已裁切為 avatar
KHH-COUNCIL-7,高雄市,DPP,鄭孟洳,,KHH-COUNCIL-07-01.webp,政府網站公開照片,高雄市議會,https://ws.kcc.gov.tw/001/Upload/member/2203/d2e1c770-a583-4e80-968d-836873f8a618.png,已裁切為 avatar
KHH-COUNCIL-7,高雄市,DPP,康裕成,,KHH-COUNCIL-07-02.webp,政府網站公開照片,高雄市議會,https://ws.kcc.gov.tw/001/Upload/member/2201/051d1919-6678-4416-b89d-fa8525bace40.jpg,已裁切為 avatar
KHH-COUNCIL-7,高雄市,DPP,何權峰,,KHH-COUNCIL-07-03.webp,政府網站公開照片,高雄市議會,https://ws.kcc.gov.tw/001/Upload/member/2204/05c5ef49-1486-45e1-96b6-834ed27c2d5a.png,已裁切為 avatar
KHH-COUNCIL-7,高雄市,TPP,林于凱,,TPP-KHH-COUNCIL-7-01.webp,政黨／候選人提供,台灣民眾黨提供,https://tainan.olc.tw/p/2026/data/photos/tpp_187.png,已裁切為 avatar
KHH-COUNCIL-8,高雄市,DPP,郭建盟,,KHH-COUNCIL-08-01.webp,政府網站公開照片,高雄市議會,https://ws.kcc.gov.tw/001/Upload/member/2209/53b2aa92-d1bc-416c-bb0d-8a96471ea210.png,已裁切為 avatar
KHH-COUNCIL-8,高雄市,DPP,湯詠瑜,,KHH-COUNCIL-08-02.webp,政府網站公開照片,高雄市議會,https://ws.kcc.gov.tw/001/Upload/member/2208/0427e41c-7ae6-42af-83be-785cf3a7a78d.png,已裁切為 avatar
KHH-COUNCIL-8,高雄市,DPP,黃文益,,KHH-COUNCIL-08-03.webp,政府網站公開照片,高雄市議會,https://ws.kcc.gov.tw/001/Upload/member/2207/7d7789ff-2aeb-401e-b841-3e567f2f28ba.png,已裁切為 avatar
KHH-COUNCIL-9,高雄市,DPP,林智鴻,,KHH-COUNCIL-09-01.webp,政府網站公開照片,高雄市議會,https://ws.kcc.gov.tw/001/Upload/member/2216/7be7c205-5658-4425-b73c-8b6b4379f186.png,已裁切為 avatar
KHH-COUNCIL-9,高雄市,DPP,張漢忠,,KHH-COUNCIL-09-02.webp,政府網站公開照片,高雄市議會,https://ws.kcc.gov.tw/001/Upload/member/2217/875663e1-7cec-4190-8c6b-ae8ef80d7ff6.png,已裁切為 avatar
KHH-COUNCIL-9,高雄市,DPP,陳慧文,,KHH-COUNCIL-09-03.webp,政府網站公開照片,高雄市議會,https://ws.kcc.gov.tw/001/Upload/member/2215/22a6e534-48f2-456f-a5fb-822d226b3078.png,已裁切為 avatar
KIN-COUNCIL-1,金門縣,TPP,尚文凱,,TPP-KIN-COUNCIL-1-01.webp,政黨／候選人提供,台灣民眾黨提供,https://tainan.olc.tw/p/2026/data/photos/tpp_179.png,已裁切為 avatar
KIN-COUNCIL-1,金門縣,TPP,楊霈璿,,TPP-KIN-COUNCIL-1-02.webp,政黨／候選人提供,台灣民眾黨提供,https://tainan.olc.tw/p/2026/data/photos/tpp_180.png,已裁切為 avatar
MIA-COUNCIL-4,苗栗縣,TPP,蔡君婷,,TPP-MIA-COUNCIL-4-01.webp,政黨／候選人提供,台灣民眾黨提供,https://tainan.olc.tw/p/2026/data/photos/tpp_182.png,已裁切為 avatar
MIA-COUNCIL-5,苗栗縣,TPP,林志學,,TPP-MIA-COUNCIL-5-01.webp,政黨／候選人提供,台灣民眾黨提供,https://tainan.olc.tw/p/2026/data/photos/tpp_160.png,已裁切為 avatar
NAN-COUNCIL-1,南投縣,TPP,吳淳祐,,TPP-NAN-COUNCIL-1-01.webp,政黨／候選人提供,台灣民眾黨提供,https://tainan.olc.tw/p/2026/data/photos/photo_6a58204a19dde.jpg,已裁切為 avatar
NTP-COUNCIL-1,新北市,DPP,鄭宇恩,,NTP-COUNCIL-01-02.webp,政府網站公開照片,新北市議會,https://www.ntp.gov.tw/upload/Z_Councilor/鄭宇思.jpg,已裁切為 avatar
NTP-COUNCIL-10,新北市,DPP,林裔綺,,NTP-COUNCIL-10-01.webp,政府網站公開照片,新北市議會,https://www.ntp.gov.tw/upload/Z_Councilor/2022/12/30/58林裔綺_065813.jpg,已裁切為 avatar
NTP-COUNCIL-11,新北市,DPP,張錦豪,,NTP-COUNCIL-11-01.webp,政府網站公開照片,新北市議會,https://www.ntp.gov.tw/upload/Z_Councilor/2022/12/30/61張錦豪_070225.jpg,已裁切為 avatar
NTP-COUNCIL-11,新北市,TPP,陳語倢,,TPP-NTP-COUNCIL-11-01.webp,政黨／候選人提供,台灣民眾黨提供,https://tainan.olc.tw/p/2026/data/photos/tpp_161.png,已裁切為 avatar
NTP-COUNCIL-12,新北市,DPP,蘇錦雄paylang‧caya,,NTP-COUNCIL-12-01.webp,政府網站公開照片,新北市議會,https://www.ntp.gov.tw/upload/Z_Councilor/2021/12/29/蘇錦雄照片_144638.jpg,已裁切為 avatar
NTP-COUNCIL-2,新北市,DPP,李宇翔,,NTP-COUNCIL-02-02.webp,政府網站公開照片,新北市議會,https://www.ntp.gov.tw/upload/Z_Councilor/2023/01/04/9李宇翔_111300.jpg,已裁切為 avatar
NTP-COUNCIL-3,新北市,GPT,甘崇緯,,GPT-NTP-COUNCIL-3-01.webp,政黨／候選人提供,台灣前進陣線,https://taiwangogo.tw/assets/faces/hero/kan-chung-wei.webp,已裁切為 avatar
NTP-COUNCIL-3,新北市,DPP,林秉宥,,NTP-COUNCIL-03-03.webp,政府網站公開照片,新北市議會,https://www.ntp.gov.tw/upload/Z_Councilor/2022/12/13/林秉宥_065723.jpg,已裁切為 avatar
NTP-COUNCIL-3,新北市,DPP,翁震州,,NTP-COUNCIL-03-04.webp,政府網站公開照片,新北市議會,https://www.ntp.gov.tw/upload/Z_Councilor/2022/12/13/翁震州_070505.jpg,已裁切為 avatar
NTP-COUNCIL-3,新北市,TPP,陳世軒,,TPP-NTP-COUNCIL-3-01.webp,政黨／候選人提供,台灣民眾黨提供,https://tainan.olc.tw/p/2026/data/photos/tpp_196.png,已裁切為 avatar
NTP-COUNCIL-4,新北市,DPP,彭佳芸,,NTP-COUNCIL-04-02.webp,政府網站公開照片,新北市議會,https://www.ntp.gov.tw/upload/Z_Councilor/N2018121416834.jpg,已裁切為 avatar
NTP-COUNCIL-4,新北市,DPP,李余典,,NTP-COUNCIL-04-03.webp,政府網站公開照片,新北市議會,https://www.ntp.gov.tw/upload/Z_Councilor/TTCC1437.jpg,已裁切為 avatar
NTP-COUNCIL-4,新北市,DPP,顏蔚慈,,NTP-COUNCIL-04-04.webp,政府網站公開照片,新北市議會,https://www.ntp.gov.tw/upload/Z_Councilor/2022/12/13/顏蔚慈_084607.jpg,已裁切為 avatar
NTP-COUNCIL-4,新北市,DPP,李倩萍,,NTP-COUNCIL-04-05.webp,政府網站公開照片,新北市議會,https://www.ntp.gov.tw/upload/Z_Councilor/李倩萍.jpg,已裁切為 avatar
NTP-COUNCIL-4,新北市,DPP,邱婷蔚,,NTP-COUNCIL-04-06.webp,政府網站公開照片,新北市議會,https://www.ntp.gov.tw/upload/Z_Councilor/2022/12/21/邱婷蔚_041504.jpg,已裁切為 avatar
NTP-COUNCIL-4,新北市,TPP,陳彥廷,,TPP-NTP-COUNCIL-4-01.webp,政黨／候選人提供,台灣民眾黨提供,https://tainan.olc.tw/p/2026/data/photos/tpp_198.png,已裁切為 avatar
NTP-COUNCIL-5,新北市,DPP,戴瑋姍,,NTP-COUNCIL-05-02.webp,政府網站公開照片,新北市議會,https://www.ntp.gov.tw/upload/Z_Councilor/戴瑋姍.jpg,已裁切為 avatar
NTP-COUNCIL-5,新北市,DPP,山田摩衣,,NTP-COUNCIL-05-03.webp,政府網站公開照片,新北市議會,https://www.ntp.gov.tw/upload/Z_Councilor/2023/01/03/山田摩衣-1_100157.jpg,已裁切為 avatar
NTP-COUNCIL-5,新北市,DPP,黃淑君,,NTP-COUNCIL-05-04.webp,政府網站公開照片,新北市議會,https://www.ntp.gov.tw/upload/Z_Councilor/2023/01/04/32黃淑君_111926.jpg,已裁切為 avatar
NTP-COUNCIL-5,新北市,TPP,林子宇,,TPP-NTP-COUNCIL-5-01.webp,政黨／候選人提供,台灣民眾黨提供,https://tainan.olc.tw/p/2026/data/photos/tpp_195.png,已裁切為 avatar
NTP-COUNCIL-6,新北市,DPP,張維倩,,NTP-COUNCIL-06-01.webp,政府網站公開照片,新北市議會,https://www.ntp.gov.tw/upload/Z_Councilor/2022/07/28/張維倩_162543.jpg,已裁切為 avatar
NTP-COUNCIL-6,新北市,DPP,張嘉玲,,NTP-COUNCIL-06-03.webp,政府網站公開照片,新北市議會,https://www.ntp.gov.tw/upload/Z_Councilor/2022/12/29/張嘉玲-1_074637.jpg,已裁切為 avatar
NTP-COUNCIL-6,新北市,TPP,陳怡君,,TPP-NTP-COUNCIL-6-01.webp,政黨／候選人提供,台灣民眾黨提供,https://tainan.olc.tw/p/2026/data/photos/tpp_197.png,已裁切為 avatar
NTP-COUNCIL-7,新北市,DPP,許昭興,,NTP-COUNCIL-07-02.webp,政府網站公開照片,新北市議會,https://www.ntp.gov.tw/upload/Z_Councilor/2024/06/25/3許昭興_154116.jpg,已裁切為 avatar
NTP-COUNCIL-8,新北市,DPP,卓冠廷,,NTP-COUNCIL-08-01.webp,政府網站公開照片,新北市議會,https://www.ntp.gov.tw/upload/Z_Councilor/2022/12/26/卓冠廷-1_085017.jpg,已裁切為 avatar
NTP-COUNCIL-8,新北市,DPP,彭一書,,NTP-COUNCIL-08-03.webp,政府網站公開照片,新北市議會,https://www.ntp.gov.tw/upload/Z_Councilor/2023/08/11/彭一書-1_112559.jpg,已裁切為 avatar
NTP-COUNCIL-8,新北市,DPP,廖宜琨,,NTP-COUNCIL-08-04.webp,政府網站公開照片,新北市議會,https://www.ntp.gov.tw/upload/Z_Councilor/N20181210164947.jpg,已裁切為 avatar
NTP-COUNCIL-8,新北市,TPP,吳亞倫,,TPP-NTP-COUNCIL-8-01.webp,政黨／候選人提供,台灣民眾黨提供,https://tainan.olc.tw/p/2026/data/photos/tpp_194.png,已裁切為 avatar
NTP-COUNCIL-9,新北市,GPT,張佑輔,,GPT-NTP-COUNCIL-9-01.webp,政黨／候選人提供,台灣前進陣線,https://taiwangogo.tw/assets/faces/hero/chang-yu-fu.webp,已裁切為 avatar
NTP-COUNCIL-9,新北市,DPP,陳乃瑜,,NTP-COUNCIL-09-01.webp,政府網站公開照片,新北市議會,https://www.ntp.gov.tw/upload/Z_Councilor/2023/02/14/54陳乃瑜-1_091143.jpg,已裁切為 avatar
NTP-COUNCIL-9,新北市,TPP,邸聖德,,TPP-NTP-COUNCIL-9-01.webp,政黨／候選人提供,台灣民眾黨提供,https://tainan.olc.tw/p/2026/data/photos/photo_6a606dc43ed89.jpg,已裁切為 avatar
PEN-COUNCIL-1,澎湖縣,TPP,莊國輝,,TPP-PEN-COUNCIL-1-01.webp,政黨／候選人提供,台灣民眾黨提供,https://tainan.olc.tw/p/2026/data/photos/tpp_215.png,已裁切為 avatar
PIF-COUNCIL-1,屏東縣,TPP,林育先,,TPP-PIF-COUNCIL-1-01.webp,政黨／候選人提供,台灣民眾黨提供,https://tainan.olc.tw/p/2026/data/photos/tpp_181.png,已裁切為 avatar
TAO-COUNCIL-1,桃園市,DPP,黃瓊慧,,TAO-COUNCIL-01-01.webp,政府網站公開照片,桃園市議會,https://www.tycc.gov.tw/tc/file/person/app/a638058377786094243%e6%a1%83%e5%9c%92%e5%8d%803%e9%bb%83%e7%93%8a%e6%85%a7.png,已裁切為 avatar
TAO-COUNCIL-1,桃園市,DPP,黃家齊,,TAO-COUNCIL-01-02.webp,政府網站公開照片,桃園市議會,https://www.tycc.gov.tw/tc/file/person/app/a636803163254775246%e6%a1%83%e5%9c%92%e5%8d%8012%e9%bb%83%e5%ae%b6%e9%bd%8a.png,已裁切為 avatar
TAO-COUNCIL-1,桃園市,DPP,李光達,,TAO-COUNCIL-01-03.webp,政府網站公開照片,桃園市議會,https://www.tycc.gov.tw/tc/file/person/app/a636810021469163662%e6%9d%8e%e5%85%89%e9%81%94.jpg,已裁切為 avatar
TAO-COUNCIL-1,桃園市,DPP,余信憲,,TAO-COUNCIL-01-04.webp,政府網站公開照片,桃園市議會,https://www.tycc.gov.tw/tc/file/person/app/a636803161725816560%e4%bd%99%e4%bf%a1%e6%86%b2.jpg,已裁切為 avatar
TAO-COUNCIL-1,桃園市,TPP,徐千晴,,TPP-TAO-COUNCIL-1-01.webp,政黨／候選人提供,台灣民眾黨提供,https://tainan.olc.tw/p/2026/data/photos/tpp_186.png,已裁切為 avatar
TAO-COUNCIL-10,桃園市,DPP,張肇良,,TAO-COUNCIL-10-01.webp,政府網站公開照片,桃園市議會,https://www.tycc.gov.tw/tc/file/person/app/a638058388197565284%e9%be%8d%e6%bd%ad%e5%8d%801%e5%bc%b5%e8%82%87%e8%89%af.png,已裁切為 avatar
TAO-COUNCIL-11,桃園市,DPP,陳睿生,,TAO-COUNCIL-11-01.webp,政府網站公開照片,桃園市議會,https://www.tycc.gov.tw/tc/file/person/app/a638058388681543822%e6%96%b0%e5%b1%8b%e5%8d%80%20%e9%99%b3%e7%9d%bf%e7%94%9f.jpeg,已裁切為 avatar
TAO-COUNCIL-13,桃園市,DPP,林志強,,TAO-COUNCIL-13-01.webp,政府網站公開照片,桃園市議會,https://www.tycc.gov.tw/tc/file/person/app/a636810023007638364%e6%9e%97%e5%bf%97%e5%bc%b7.jpg,已裁切為 avatar
TAO-COUNCIL-2,桃園市,DPP,陳雅倫,,TAO-COUNCIL-02-01.webp,政府網站公開照片,桃園市議會,https://www.tycc.gov.tw/tc/file/person/app/a636803163427779550%e9%99%b3%e9%9b%85%e5%80%ab.jpg,已裁切為 avatar
TAO-COUNCIL-2,桃園市,DPP,李宗豪,,TAO-COUNCIL-02-02.webp,政府網站公開照片,桃園市議會,https://www.tycc.gov.tw/tc/file/person/app/2026080712354019427.jpg,已裁切為 avatar
TAO-COUNCIL-2,桃園市,TPP,周曉芸,,TPP-TAO-COUNCIL-2-01.webp,政黨／候選人提供,台灣民眾黨提供,https://tainan.olc.tw/p/2026/data/photos/tpp_237.png,已裁切為 avatar
TAO-COUNCIL-3,桃園市,DPP,許家睿,,TAO-COUNCIL-03-02.webp,政府網站公開照片,桃園市議會,https://www.tycc.gov.tw/tc/file/person/app/a638058381133252730%e5%85%ab%e5%be%b7%e5%8d%805%e8%a8%b1%e5%ae%b6%e7%9d%bf.jpg,已裁切為 avatar
TAO-COUNCIL-3,桃園市,DPP,呂林小鳳,,TAO-COUNCIL-03-03.webp,政府網站公開照片,桃園市議會,https://www.tycc.gov.tw/tc/file/person/app/a638058380422934373%e5%85%ab%e5%be%b7%e5%8d%801%e5%91%82%e6%9e%97%e5%b0%8f%e9%b3%b3.jpg,已裁切為 avatar
TAO-COUNCIL-3,桃園市,TPP,林晏良,,TPP-TAO-COUNCIL-3-01.webp,政黨／候選人提供,台灣民眾黨提供,https://tainan.olc.tw/p/2026/data/photos/tpp_185.png,已裁切為 avatar
TAO-COUNCIL-4,桃園市,DPP,許清順,,TAO-COUNCIL-04-01.webp,政府網站公開照片,桃園市議會,https://www.tycc.gov.tw/upload/102/2025072416134158686.jpg,已裁切為 avatar
TAO-COUNCIL-5,桃園市,DPP,游吾和,,TAO-COUNCIL-05-01.webp,政府網站公開照片,桃園市議會,https://www.tycc.gov.tw/tc/file/person/app/a635533167621896723%e6%b8%b8%e5%90%be%e5%92%8c.jpg,已裁切為 avatar
TAO-COUNCIL-6,桃園市,DPP,陳治文,,TAO-COUNCIL-06-01.webp,政府網站公開照片,桃園市議會,https://www.tycc.gov.tw/tc/file/person/app/a634641658072119151%e9%99%b3%e6%b2%bb%e6%96%87%e8%ad%b0%e5%93%a1.jpg,已裁切為 avatar
TAO-COUNCIL-7,桃園市,DPP,彭俊豪,,TAO-COUNCIL-07-01.webp,政府網站公開照片,桃園市議會,https://www.tycc.gov.tw/tc/file/person/app/a636810033822357359%e5%bd%ad%e4%bf%8a%e8%b1%aaS.jpg,已裁切為 avatar
TAO-COUNCIL-7,桃園市,DPP,魏筠,,TAO-COUNCIL-07-02.webp,政府網站公開照片,桃園市議會,https://www.tycc.gov.tw/tc/file/person/app/a638058384845115010%e4%b8%ad%e5%a3%a2%e5%8d%803%e9%ad%8f%e7%ad%a0.jpg,已裁切為 avatar
TAO-COUNCIL-7,桃園市,DPP,張曉昀,,TAO-COUNCIL-07-03.webp,政府網站公開照片,桃園市議會,https://www.tycc.gov.tw/tc/file/person/app/a638058385687533412%e4%b8%ad%e5%a3%a2%e5%8d%809%e5%bc%b5%e6%9b%89%e6%98%80.jpeg,已裁切為 avatar
TAO-COUNCIL-7,桃園市,DPP,黃崇真,,TAO-COUNCIL-07-04.webp,政府網站公開照片,桃園市議會,https://www.tycc.gov.tw/tc/file/person/app/a638073846236932142%e4%b8%ad%e5%a3%a2%e5%8d%8010%e9%bb%83%e5%b4%87%e7%9c%9f.jpg,已裁切為 avatar
TAO-COUNCIL-8,桃園市,DPP,劉仁照,,TAO-COUNCIL-08-01.webp,政府網站公開照片,桃園市議會,https://www.tycc.gov.tw/tc/file/person/app/a638073846759845060%e5%b9%b3%e9%8e%ae%e5%8d%804%e5%8a%89%e4%bb%81%e7%85%a7.png,已裁切為 avatar
TAO-COUNCIL-8,桃園市,DPP,王珮毓,,TAO-COUNCIL-08-02.webp,政府網站公開照片,桃園市議會,https://www.tycc.gov.tw/tc/file/person/app/a638058387100023304%e5%b9%b3%e9%8e%ae%e5%8d%803%e7%8e%8b%e4%bd%a9%e6%af%93.jpg,已裁切為 avatar
TAO-COUNCIL-8,桃園市,TPP,吳正吉,,TPP-TAO-COUNCIL-8-01.webp,政黨／候選人提供,台灣民眾黨提供,https://tainan.olc.tw/p/2026/data/photos/tpp_183.png,已裁切為 avatar
TAO-COUNCIL-9,桃園市,DPP,鄭淑方,,TAO-COUNCIL-09-01.webp,政府網站公開照片,桃園市議會,https://www.tycc.gov.tw/tc/file/person/app/a636807211344031938%e9%84%ad%e6%b7%91%e6%96%b9.jpg,已裁切為 avatar
TNN-COUNCIL-1,臺南市,DPP,李宗翰,,TNN-COUNCIL-01-01.webp,政府網站公開照片,臺南市議會,https://www.tncc.gov.tw/warehouse/2EA7C45E-0A30-47A1-B6E8-903F9106F680/李宗翰.jpg,已裁切為 avatar
TNN-COUNCIL-1,臺南市,DPP,王宣貿,,TNN-COUNCIL-01-02.webp,政府網站公開照片,臺南市議會,https://www.tncc.gov.tw/warehouse/2EA7C45E-0A30-47A1-B6E8-903F9106F680/王宣貿.jpg,已裁切為 avatar
TNN-COUNCIL-1,臺南市,DPP,沈家鳳,,TNN-COUNCIL-01-03.webp,政府網站公開照片,臺南市議會,https://www.tncc.gov.tw/warehouse/2EA7C45E-0A30-47A1-B6E8-903F9106F680/沈家鳳.jpg,已裁切為 avatar
TNN-COUNCIL-1,臺南市,TPP,陳詩薇,,TPP-TNN-COUNCIL-1-01.webp,政黨／候選人提供,台灣民眾黨提供,https://tainan.olc.tw/p/2026/data/photos/tpp_176.png,已裁切為 avatar
TNN-COUNCIL-10,臺南市,DPP,蔡筱薇,,TNN-COUNCIL-10-01.webp,政府網站公開照片,臺南市議會,https://www.tncc.gov.tw/warehouse/B9A563CB-864A-40B8-9BAF-CD77404D2161/蔡筱薇.jpg,已裁切為 avatar
TNN-COUNCIL-10,臺南市,IND,陳進男,,TPP-TNN-COUNCIL-10-01.webp,政黨／候選人提供,台灣民眾黨提供,https://tainan.olc.tw/p/2026/data/photos/photo_6a162138071e4.jpg,已裁切為 avatar
TNN-COUNCIL-11,臺南市,DPP,陳皇宇,,TNN-COUNCIL-11-01.webp,政府網站公開照片,臺南市議會,https://www.tncc.gov.tw/warehouse/CE4A0D3B-E8AF-4EB2-979A-2542DC560C18/陳皇宇.jpg,已裁切為 avatar
TNN-COUNCIL-11,臺南市,DPP,郭鴻儀,,TNN-COUNCIL-11-02.webp,政府網站公開照片,臺南市議會,https://www.tncc.gov.tw/warehouse/CE4A0D3B-E8AF-4EB2-979A-2542DC560C18/郭鴻儀.jpg,已裁切為 avatar
TNN-COUNCIL-11,臺南市,DPP,鄭佳欣,,TNN-COUNCIL-11-03.webp,政府網站公開照片,臺南市議會,https://www.tncc.gov.tw/warehouse/CE4A0D3B-E8AF-4EB2-979A-2542DC560C18/鄭佳欣.jpg,已裁切為 avatar
TNN-COUNCIL-11,臺南市,IND,郭如芳,,TPP-TNN-COUNCIL-11-01.webp,政黨／候選人提供,台灣民眾黨提供,https://tainan.olc.tw/p/2026/data/photos/photo_6a1621a5177cf.jpg,已裁切為 avatar
TNN-COUNCIL-2,臺南市,DPP,蔡蘇秋金,,TNN-COUNCIL-02-01.webp,政府網站公開照片,臺南市議會,https://www.tncc.gov.tw/warehouse/7D86624A-5FF3-4E34-B1D6-3899EEA0E90D/97446301-C0F9-4D46-ACC9-18276EF976E5.jpg,已裁切為 avatar
TNN-COUNCIL-2,臺南市,DPP,蔡秋蘭,,TNN-COUNCIL-02-02.webp,政府網站公開照片,臺南市議會,https://www.tncc.gov.tw/warehouse/7D86624A-5FF3-4E34-B1D6-3899EEA0E90D/蔡秋蘭.jpg,已裁切為 avatar
TNN-COUNCIL-2,臺南市,DPP,謝舒凡,,TNN-COUNCIL-02-03.webp,政府網站公開照片,臺南市議會,https://www.tncc.gov.tw/warehouse/7D86624A-5FF3-4E34-B1D6-3899EEA0E90D/謝舒凡.jpg,已裁切為 avatar
TNN-COUNCIL-3,臺南市,DPP,陳秋宏,,TNN-COUNCIL-03-01.webp,政府網站公開照片,臺南市議會,https://www.tncc.gov.tw/warehouse/ECECDC5D-54AC-41D9-9C64-C7B6C971C673/陳秋宏.jpg,已裁切為 avatar
TNN-COUNCIL-3,臺南市,DPP,吳通龍,,TNN-COUNCIL-03-02.webp,政府網站公開照片,臺南市議會,https://www.tncc.gov.tw/warehouse/ECECDC5D-54AC-41D9-9C64-C7B6C971C673/吳通龍.jpg,已裁切為 avatar
TNN-COUNCIL-5,臺南市,DPP,陳碧玉,,TNN-COUNCIL-05-01.webp,政府網站公開照片,臺南市議會,https://www.tncc.gov.tw/warehouse/11EA1727-57A4-4D44-9A91-51298F0F909E/陳碧玉.jpg,已裁切為 avatar
TNN-COUNCIL-5,臺南市,DPP,林志展,,TNN-COUNCIL-05-02.webp,政府網站公開照片,臺南市議會,https://www.tncc.gov.tw/warehouse/11EA1727-57A4-4D44-9A91-51298F0F909E/林志展.jpg,已裁切為 avatar
TNN-COUNCIL-5,臺南市,DPP,余枳青,,TNN-COUNCIL-05-03.webp,政府網站公開照片,臺南市議會,https://www.tncc.gov.tw/warehouse/11EA1727-57A4-4D44-9A91-51298F0F909E/余柷青.jpg,已裁切為 avatar
TNN-COUNCIL-5,臺南市,DPP,李偉智,,TNN-COUNCIL-05-04.webp,政府網站公開照片,臺南市議會,https://www.tncc.gov.tw/warehouse/11EA1727-57A4-4D44-9A91-51298F0F909E/李偉智.png,已裁切為 avatar
TNN-COUNCIL-6,臺南市,DPP,蔡麗青,,TNN-COUNCIL-06-02.webp,政府網站公開照片,臺南市議會,https://www.tncc.gov.tw/warehouse/28D59728-B4F9-4F47-89E1-E08A4B2AEDE7/蔡麗青.jpg,已裁切為 avatar
TNN-COUNCIL-7,臺南市,DPP,黃肇輝,,TNN-COUNCIL-07-01.webp,政府網站公開照片,臺南市議會,https://www.tncc.gov.tw/warehouse/775CE00E-4BA7-40AA-A45E-EA973CFB28BA/黃肇輝.jpg,已裁切為 avatar
TNN-COUNCIL-7,臺南市,DPP,陳秋萍,,TNN-COUNCIL-07-02.webp,政府網站公開照片,臺南市議會,https://www.tncc.gov.tw/warehouse/775CE00E-4BA7-40AA-A45E-EA973CFB28BA/陳秋萍.jpg,已裁切為 avatar
TNN-COUNCIL-7,臺南市,DPP,朱正軒,,TNN-COUNCIL-07-03.webp,政府網站公開照片,臺南市議會,https://www.tncc.gov.tw/warehouse/775CE00E-4BA7-40AA-A45E-EA973CFB28BA/朱正軒.jpg,已裁切為 avatar
TNN-COUNCIL-7,臺南市,TPP,林乃立,,TPP-TNN-COUNCIL-7-01.webp,政黨／候選人提供,台灣民眾黨提供,https://tainan.olc.tw/p/2026/data/photos/tpp_175.png,已裁切為 avatar
TNN-COUNCIL-7,臺南市,TSP,吳依潔,,TSP-TNN-COUNCIL-7-01.webp,政黨／候選人提供,台灣前進陣線,https://taiwangogo.tw/assets/faces/hero/wu-yi-chieh.webp,已裁切為 avatar
TNN-COUNCIL-8,臺南市,DPP,邱莉莉,,TNN-COUNCIL-08-03.webp,政府網站公開照片,臺南市議會,https://www.tncc.gov.tw/warehouse/E9E12C20-847F-4FAB-B514-09D7D1F18CF6/邱莉莉.jpg,已裁切為 avatar
TNN-COUNCIL-8,臺南市,DPP,周嘉韋,,TNN-COUNCIL-08-04.webp,政府網站公開照片,臺南市議會,https://www.tncc.gov.tw/warehouse/E9E12C20-847F-4FAB-B514-09D7D1F18CF6/周嘉韋.jpg,已裁切為 avatar
TNN-COUNCIL-8,臺南市,TPP,江明宗,,TPP-TNN-COUNCIL-8-01.webp,政黨／候選人提供,台灣民眾黨提供,https://tainan.olc.tw/p/2026/data/photos/tpp_174.png,已裁切為 avatar
TNN-COUNCIL-9,臺南市,DPP,林依婷,,TNN-COUNCIL-09-02.webp,政府網站公開照片,臺南市議會,https://www.tncc.gov.tw/warehouse/F28D4D0E-6FBA-47C6-A39D-09985BCE9138/S__181076148.jpg,已裁切為 avatar
TNN-COUNCIL-9,臺南市,DPP,李啓維,,TNN-COUNCIL-09-03.webp,政府網站公開照片,臺南市議會,https://www.tncc.gov.tw/warehouse/F28D4D0E-6FBA-47C6-A39D-09985BCE9138/李啟維.jpg,已裁切為 avatar
TNN-COUNCIL-9,臺南市,DPP,周麗津,,TNN-COUNCIL-09-04.webp,政府網站公開照片,臺南市議會,https://www.tncc.gov.tw/warehouse/F28D4D0E-6FBA-47C6-A39D-09985BCE9138/周麗津.jpg,已裁切為 avatar
TNN-COUNCIL-9,臺南市,TPP,蕭漍華,,TPP-TNN-COUNCIL-9-01.webp,政黨／候選人提供,台灣民眾黨提供,https://tainan.olc.tw/p/2026/data/photos/tpp_177.png,已裁切為 avatar
TPE-COUNCIL-1,臺北市,DPP,林世宗,,TPE-COUNCIL-01-01.webp,政府網站公開照片,臺北市議會,https://ws.tcc.gov.tw/001/Upload/OldFile/Councilor/2558/07387938-1899-4fcb-a883-ac03d9e581dd.jpg,已裁切為 avatar
TPE-COUNCIL-1,臺北市,DPP,陳賢蔚,,TPE-COUNCIL-01-02.webp,政府網站公開照片,臺北市議會,https://ws.tcc.gov.tw/001/Upload/OldFile/Councilor/2555/e382ffae-7efb-48c2-b548-a611e29628f0.jpg,已裁切為 avatar
TPE-COUNCIL-1,臺北市,DPP,鍾佩玲,,TPE-COUNCIL-01-03.webp,政府網站公開照片,臺北市議會,https://ws.tcc.gov.tw/001/Upload/OldFile/Councilor/2550/d79f0a88-a025-47a2-ac4c-c5c6a2a6293f.jpg,已裁切為 avatar
TPE-COUNCIL-1,臺北市,DPP,陳慈慧,,TPE-COUNCIL-01-04.webp,政府網站公開照片,臺北市議會,https://ws.tcc.gov.tw/001/Upload/OldFile/Councilor/2557/a336a76e-d64b-4791-9a5d-d719a8d1a894.jpg,已裁切為 avatar
TPE-COUNCIL-1,臺北市,DPP,林延鳳,,TPE-COUNCIL-01-05.webp,政府網站公開照片,臺北市議會,https://ws.tcc.gov.tw/001/Upload/OldFile/Councilor/2548/e86342a8-8ed1-4ace-9221-d817c65062b7.jpg,已裁切為 avatar
TPE-COUNCIL-1,臺北市,TPP,黃瀞瑩,,TPP-TPE-COUNCIL-1-01.webp,政黨／候選人提供,台灣民眾黨提供,https://tainan.olc.tw/p/2026/data/photos/tpp_173.png,已裁切為 avatar
TPE-COUNCIL-2,臺北市,DPP,王孝維,,TPE-COUNCIL-02-01.webp,政府網站公開照片,臺北市議會,https://ws.tcc.gov.tw/001/Upload/OldFile/Councilor/2568/a2c5665f-1ee2-4581-920e-a5a44d0859dd.jpg,已裁切為 avatar
TPE-COUNCIL-2,臺北市,DPP,何孟樺,,TPE-COUNCIL-02-04.webp,政府網站公開照片,臺北市議會,https://ws.tcc.gov.tw/001/Upload/OldFile/Councilor/2566/b75551df-4503-4d3f-800d-355f961de0bb.jpg,已裁切為 avatar
TPE-COUNCIL-2,臺北市,TPP,陳宥丞,,TPP-TPE-COUNCIL-2-01.webp,政黨／候選人提供,台灣民眾黨提供,https://tainan.olc.tw/p/2026/data/photos/tpp_172.png,已裁切為 avatar
TPE-COUNCIL-2,臺北市,TSP,吳欣岱,,TSP-TPE-COUNCIL-2-01.webp,政黨／候選人提供,台灣前進陣線,https://taiwangogo.tw/assets/faces/hero/wu-hsin-tai.webp,已裁切為 avatar
TPE-COUNCIL-3,臺北市,DPP,許淑華,,TPE-COUNCIL-03-01.webp,政府網站公開照片,臺北市議會,https://ws.tcc.gov.tw/001/Upload/OldFile/Councilor/2576/ed34c9e2-ba87-45a4-8e46-b93fff478f50.jpg,已裁切為 avatar
TPE-COUNCIL-3,臺北市,DPP,洪健益,,TPE-COUNCIL-03-02.webp,政府網站公開照片,臺北市議會,https://ws.tcc.gov.tw/001/Upload/OldFile/Councilor/2582/b0ee6d53-c6b4-44f3-8876-d8f142976f90.jpg,已裁切為 avatar
TPE-COUNCIL-3,臺北市,DPP,張文潔,,TPE-COUNCIL-03-03.webp,政府網站公開照片,臺北市議會,https://ws.tcc.gov.tw/001/Upload/OldFile/Councilor/2575/2f5b6567-12d1-4704-b672-efb372c0a4dd.jpg,已裁切為 avatar
TPE-COUNCIL-3,臺北市,TPP,許甫,,TPP-TPE-COUNCIL-3-01.webp,政黨／候選人提供,台灣民眾黨提供,https://tainan.olc.tw/p/2026/data/photos/tpp_171.png,已裁切為 avatar
TPE-COUNCIL-3,臺北市,TSP,鄧樂強,,TSP-TPE-COUNCIL-3-01.webp,政黨／候選人提供,台灣前進陣線,https://taiwangogo.tw/assets/faces/hero/teng-le-chiang.webp,已裁切為 avatar
TPE-COUNCIL-4,臺北市,DPP,林亮君,,TPE-COUNCIL-04-01.webp,政府網站公開照片,臺北市議會,https://ws.tcc.gov.tw/001/Upload/OldFile/Councilor/2591/c68737c5-ae02-4693-a801-47e6eeffcf3b.jpg,已裁切為 avatar
TPE-COUNCIL-4,臺北市,DPP,顏若芳,,TPE-COUNCIL-04-02.webp,政府網站公開照片,臺北市議會,https://ws.tcc.gov.tw/001/Upload/OldFile/Councilor/2585/bac88487-7174-4a92-976a-306848bc1ebd.jpg,已裁切為 avatar
TPE-COUNCIL-4,臺北市,TPP,林珍羽,,TPP-TPE-COUNCIL-4-01.webp,政黨／候選人提供,台灣民眾黨提供,https://tainan.olc.tw/p/2026/data/photos/tpp_169.png,已裁切為 avatar
TPE-COUNCIL-5,臺北市,GPT,王振庭,,GPT-TPE-COUNCIL-5-01.webp,政黨／候選人提供,台灣前進陣線,https://taiwangogo.tw/assets/faces/hero/wang-chen-ting.webp,已裁切為 avatar
TPE-COUNCIL-5,臺北市,DPP,劉耀仁,,TPE-COUNCIL-05-01.webp,政府網站公開照片,臺北市議會,https://ws.tcc.gov.tw/001/Upload/OldFile/Councilor/2599/ca632d2d-eeec-45ac-99f4-a063192eb04c.jpg,已裁切為 avatar
TPE-COUNCIL-5,臺北市,DPP,洪婉臻,,TPE-COUNCIL-05-02.webp,政府網站公開照片,臺北市議會,https://ws.tcc.gov.tw/001/Upload/OldFile/Councilor/2595/67318073-14f0-4f79-a89f-9450863e2297.jpg,已裁切為 avatar
TPE-COUNCIL-5,臺北市,TPP,吳怡萱,,TPP-TPE-COUNCIL-5-01.webp,政黨／候選人提供,台灣民眾黨提供,https://tainan.olc.tw/p/2026/data/photos/tpp_168.png,已裁切為 avatar
TPE-COUNCIL-6,臺北市,DPP,簡舒培,,TPE-COUNCIL-06-01.webp,政府網站公開照片,臺北市議會,https://ws.tcc.gov.tw/001/Upload/OldFile/Councilor/2604/d0fae305-c319-4eac-a7fc-0773306c2204.jpg,已裁切為 avatar
TPE-COUNCIL-6,臺北市,DPP,王閔生,,TPE-COUNCIL-06-02.webp,政府網站公開照片,臺北市議會,https://ws.tcc.gov.tw/001/Upload/OldFile/Councilor/2611/f04528e8-30ec-40ec-bd95-88a951599bf1.jpg,已裁切為 avatar
TPE-COUNCIL-6,臺北市,TPP,張志豪,,TPP-TPE-COUNCIL-6-01.webp,政黨／候選人提供,台灣民眾黨提供,https://tainan.olc.tw/p/2026/data/photos/tpp_170.png,已裁切為 avatar
TXG-COUNCIL-1,臺中市,DPP,施志昌,,TXG-COUNCIL-01-02.webp,政府網站公開照片,臺中市議會,https://www.tccc.gov.tw/Conn2/ConnThumb.asp?F=15852375360003(1).jpg&P=Pic\Councillor&U=1&LW=100&LH=130,已裁切為 avatar
TXG-COUNCIL-10,臺中市,DPP,黃守達,,TXG-COUNCIL-10-01.webp,政府網站公開照片,臺中市議會,https://www.tccc.gov.tw/Conn2/ConnThumb.asp?F=15852441640045(1).jpg&P=Pic\Councillor&U=1&LW=100&LH=130,已裁切為 avatar
TXG-COUNCIL-10,臺中市,DPP,江肇國,,TXG-COUNCIL-10-02.webp,政府網站公開照片,臺中市議會,https://www.tccc.gov.tw/Conn2/ConnThumb.asp?F=15852440950044(1).jpg&P=Pic\Councillor&U=1&LW=100&LH=130,已裁切為 avatar
TXG-COUNCIL-11,臺中市,DPP,鄭功進,,TXG-COUNCIL-11-01.webp,政府網站公開照片,臺中市議會,https://www.tccc.gov.tw/Conn2/ConnThumb.asp?F=15852448440048(1).jpg&P=Pic\Councillor&U=1&LW=100&LH=130,已裁切為 avatar
TXG-COUNCIL-11,臺中市,DPP,陳雅惠,,TXG-COUNCIL-11-02.webp,政府網站公開照片,臺中市議會,https://www.tccc.gov.tw/Conn2/ConnThumb.asp?F=16709423860076(1).jpg&P=Pic\Councillor&U=1&LW=100&LH=130,已裁切為 avatar
TXG-COUNCIL-12,臺中市,TPP,許書豪,,TPP-TXG-COUNCIL-12-01.webp,政黨／候選人提供,台灣民眾黨提供,https://tainan.olc.tw/p/2026/data/photos/tpp_164.png,已裁切為 avatar
TXG-COUNCIL-12,臺中市,DPP,張玉嬿,,TXG-COUNCIL-12-01.webp,政府網站公開照片,臺中市議會,https://www.tccc.gov.tw/Conn2/ConnThumb.asp?F=15852462930053(1).jpg&P=Pic\Councillor&U=1&LW=100&LH=130,已裁切為 avatar
TXG-COUNCIL-12,臺中市,DPP,蔡耀頡,,TXG-COUNCIL-12-02.webp,政府網站公開照片,臺中市議會,https://www.tccc.gov.tw/Conn2/ConnThumb.asp?F=15852463700054(1).jpg&P=Pic\Councillor&U=1&LW=100&LH=130,已裁切為 avatar
TXG-COUNCIL-13,臺中市,TPP,江和樹,,TPP-TXG-COUNCIL-13-01.webp,政黨／候選人提供,台灣民眾黨提供,https://tainan.olc.tw/p/2026/data/photos/tpp_162.png,已裁切為 avatar
TXG-COUNCIL-13,臺中市,DPP,林德宇,,TXG-COUNCIL-13-01.webp,政府網站公開照片,臺中市議會,https://www.tccc.gov.tw/Conn2/ConnThumb.asp?F=15852471250058(1).jpg&P=Pic\Councillor&U=1&LW=100&LH=130,已裁切為 avatar
TXG-COUNCIL-13,臺中市,DPP,李天生,,TXG-COUNCIL-13-02.webp,政府網站公開照片,臺中市議會,https://www.tccc.gov.tw/Conn2/ConnThumb.asp?F=15852472140059(1).jpg&P=Pic\Councillor&U=1&LW=100&LH=130,已裁切為 avatar
TXG-COUNCIL-13,臺中市,DPP,張芬郁,,TXG-COUNCIL-13-03.webp,政府網站公開照片,臺中市議會,https://www.tccc.gov.tw/Conn2/ConnThumb.asp?F=16709459860080(1).jpg&P=Pic\Councillor&U=1&LW=100&LH=130,已裁切為 avatar
TXG-COUNCIL-2,臺中市,TPP,陳永祥,,TPP-TXG-COUNCIL-2-01.webp,政黨／候選人提供,台灣民眾黨提供,https://tainan.olc.tw/p/2026/data/photos/tpp_166.png,已裁切為 avatar
TXG-COUNCIL-2,臺中市,DPP,楊典忠,,TXG-COUNCIL-02-01.webp,政府網站公開照片,臺中市議會,https://www.tccc.gov.tw/Conn2/ConnThumb.asp?F=15852378120006(1).jpg&P=Pic\Councillor&U=1&LW=100&LH=130,已裁切為 avatar
TXG-COUNCIL-2,臺中市,DPP,王立任,,TXG-COUNCIL-02-02.webp,政府網站公開照片,臺中市議會,https://www.tccc.gov.tw/Conn2/ConnThumb.asp?F=15852378780007(1).jpg&P=Pic\Councillor&U=1&LW=100&LH=130,已裁切為 avatar
TXG-COUNCIL-3,臺中市,DPP,曾威,,TXG-COUNCIL-03-01.webp,政府網站公開照片,臺中市議會,https://www.tccc.gov.tw/Conn2/ConnThumb.asp?F=16709330950069(1).jpg&P=Pic\Councillor&U=1&LW=100&LH=130,已裁切為 avatar
TXG-COUNCIL-3,臺中市,DPP,張家銨,,TXG-COUNCIL-03-02.webp,政府網站公開照片,臺中市議會,https://www.tccc.gov.tw/Conn2/ConnThumb.asp?F=15852386990012(1).jpg&P=Pic\Councillor&U=1&LW=100&LH=130,已裁切為 avatar
TXG-COUNCIL-4,臺中市,TPP,連小華,,TPP-TXG-COUNCIL-4-01.webp,政黨／候選人提供,台灣民眾黨提供,https://tainan.olc.tw/p/2026/data/photos/tpp_165.png,已裁切為 avatar
TXG-COUNCIL-4,臺中市,DPP,謝志忠,,TXG-COUNCIL-04-02.webp,政府網站公開照片,臺中市議會,https://www.tccc.gov.tw/Conn2/ConnThumb.asp?F=15852392360016(1).jpg&P=Pic\Councillor&U=1&LW=100&LH=130,已裁切為 avatar
TXG-COUNCIL-5,臺中市,DPP,蕭隆澤,,TXG-COUNCIL-05-01.webp,政府網站公開照片,臺中市議會,https://www.tccc.gov.tw/Conn2/ConnThumb.asp?F=15852420350023(1).jpg&P=Pic\Councillor&U=1&LW=100&LH=130,已裁切為 avatar
TXG-COUNCIL-5,臺中市,DPP,周永鴻,,TXG-COUNCIL-05-02.webp,政府網站公開照片,臺中市議會,https://www.tccc.gov.tw/Conn2/ConnThumb.asp?F=15852421270024(1).jpg&P=Pic\Councillor&U=1&LW=100&LH=130,已裁切為 avatar
TXG-COUNCIL-6,臺中市,TPP,劉芩妤,,TPP-TXG-COUNCIL-6-01.webp,政黨／候選人提供,台灣民眾黨提供,https://tainan.olc.tw/p/2026/data/photos/tpp_167.png,已裁切為 avatar
TXG-COUNCIL-6,臺中市,DPP,陳淑華,,TXG-COUNCIL-06-01.webp,政府網站公開照片,臺中市議會,https://www.tccc.gov.tw/Conn2/ConnThumb.asp?F=15852425300028(1).jpg&P=Pic\Councillor&U=1&LW=100&LH=130,已裁切為 avatar
TXG-COUNCIL-6,臺中市,DPP,林祈烽,,TXG-COUNCIL-06-02.webp,政府網站公開照片,臺中市議會,https://www.tccc.gov.tw/Conn2/ConnThumb.asp?F=15852426010029(1).jpg&P=Pic\Councillor&U=1&LW=100&LH=130,已裁切為 avatar
TXG-COUNCIL-7,臺中市,DPP,何文海,,TXG-COUNCIL-07-01.webp,政府網站公開照片,臺中市議會,https://www.tccc.gov.tw/Conn2/ConnThumb.asp?F=15852430170033(1).jpg&P=Pic\Councillor&U=1&LW=100&LH=130,已裁切為 avatar
TXG-COUNCIL-8,臺中市,TPP,邱于珊,,TPP-TXG-COUNCIL-8-01.webp,政黨／候選人提供,台灣民眾黨提供,https://tainan.olc.tw/p/2026/data/photos/tpp_163.png,已裁切為 avatar
TXG-COUNCIL-8,臺中市,DPP,謝家宜,,TXG-COUNCIL-08-02.webp,政府網站公開照片,臺中市議會,https://www.tccc.gov.tw/Conn2/ConnThumb.asp?F=16709388950074(1).jpg&P=Pic\Councillor&U=1&LW=100&LH=130,已裁切為 avatar
TXG-COUNCIL-9,臺中市,DPP,陳俞融,,TXG-COUNCIL-09-01.webp,政府網站公開照片,臺中市議會,https://www.tccc.gov.tw/Conn2/ConnThumb.asp?F=16709330130075(1).jpg&P=Pic\Councillor&U=1&LW=100&LH=130,已裁切為 avatar
YUN-COUNCIL-3,雲林縣,TPP,陳乙辰,,TPP-YUN-COUNCIL-3-01.webp,政黨／候選人提供,台灣民眾黨提供,https://tainan.olc.tw/p/2026/data/photos/tpp_193.png,已裁切為 avatar
YUN-COUNCIL-4,雲林縣,TPP,張家閎,,TPP-YUN-COUNCIL-4-01.webp,政黨／候選人提供,台灣民眾黨提供,https://tainan.olc.tw/p/2026/data/photos/tpp_192.png,已裁切為 avatar
YUN-COUNCIL-5,雲林縣,TPP,林宜豊,,TPP-YUN-COUNCIL-5-01.webp,政黨／候選人提供,台灣民眾黨提供,https://tainan.olc.tw/p/2026/data/photos/photo_6a58226981979.jpg,已裁切為 avatar
town-09020010-REPRESENTATIVE,金門縣,TPP,汪松威,,TPP-town-09020010-REPRESENTATIVE-01.webp,政黨／候選人提供,台灣民眾黨提供,https://tainan.olc.tw/p/2026/data/photos/photo_6a4e5954e368e.jpg,已裁切為 avatar
town-09020040-REPRESENTATIVE,金門縣,TPP,翁明惠,,TPP-town-09020040-REPRESENTATIVE-01.webp,政黨／候選人提供,台灣民眾黨提供,https://tainan.olc.tw/p/2026/data/photos/photo_6a4e5974d4197.jpg,已裁切為 avatar
town-10002030-REPRESENTATIVE,宜蘭縣,TPP,沈俊志,,TPP-town-10002030-REPRESENTATIVE-01.webp,政黨／候選人提供,台灣民眾黨提供,https://tainan.olc.tw/p/2026/data/photos/tpp_240.png,已裁切為 avatar
town-10004010-REPRESENTATIVE,新竹縣,TPP,李心然,,TPP-town-10004010-REPRESENTATIVE-01.webp,政黨／候選人提供,台灣民眾黨提供,https://tainan.olc.tw/p/2026/data/photos/tpp_224.png,已裁切為 avatar
town-10004010-REPRESENTATIVE,新竹縣,TPP,林瑞德,,TPP-town-10004010-REPRESENTATIVE-02.webp,政黨／候選人提供,台灣民眾黨提供,https://tainan.olc.tw/p/2026/data/photos/tpp_225.png,已裁切為 avatar
town-10004010-REPRESENTATIVE,新竹縣,TPP,劉文軒,,TPP-town-10004010-REPRESENTATIVE-03.webp,政黨／候選人提供,台灣民眾黨提供,https://tainan.olc.tw/p/2026/data/photos/tpp_226.png,已裁切為 avatar
town-10004010-TOWNSHIP,新竹縣,TPP,邱臣遠,,TPP-town-10004010-TOWNSHIP-01.webp,政黨／候選人提供,台灣民眾黨提供,https://tainan.olc.tw/p/2026/data/photos/tpp_218.png,已裁切為 avatar
town-10004020-REPRESENTATIVE,新竹縣,TPP,吳俊民,,TPP-town-10004020-REPRESENTATIVE-01.webp,政黨／候選人提供,台灣民眾黨提供,https://tainan.olc.tw/p/2026/data/photos/tpp_222.png,已裁切為 avatar
town-10004060-REPRESENTATIVE,新竹縣,TPP,吳燕瑩,,TPP-town-10004060-REPRESENTATIVE-01.webp,政黨／候選人提供,台灣民眾黨提供,https://tainan.olc.tw/p/2026/data/photos/tpp_223.png,已裁切為 avatar
town-10004100-REPRESENTATIVE,新竹縣,TPP,鍾嘉祐,,TPP-town-10004100-REPRESENTATIVE-01.webp,政黨／候選人提供,台灣民眾黨提供,https://tainan.olc.tw/p/2026/data/photos/tpp_227.png,已裁切為 avatar
town-10005030-REPRESENTATIVE,苗栗縣,TPP,繆宗翰,,TPP-town-10005030-REPRESENTATIVE-01.webp,政黨／候選人提供,台灣民眾黨提供,https://tainan.olc.tw/p/2026/data/photos/photo_6a4713f974d3d.jpg,已裁切為 avatar
town-10005040-REPRESENTATIVE,苗栗縣,TPP,王竟倫,,TPP-town-10005040-REPRESENTATIVE-01.webp,政黨／候選人提供,台灣民眾黨提供,https://tainan.olc.tw/p/2026/data/photos/photo_6a47143a0439e.jpg,已裁切為 avatar
town-10005050-REPRESENTATIVE,苗栗縣,TPP,徐筱啡,,TPP-town-10005050-REPRESENTATIVE-01.webp,政黨／候選人提供,台灣民眾黨提供,https://tainan.olc.tw/p/2026/data/photos/photo_6a471474cc3ec.jpg,已裁切為 avatar
town-10007010-REPRESENTATIVE,彰化縣,TPP,薛方壹,,TPP-town-10007010-REPRESENTATIVE-01.webp,政黨／候選人提供,台灣民眾黨提供,https://tainan.olc.tw/p/2026/data/photos/tpp_231.png,已裁切為 avatar
town-10007010-REPRESENTATIVE,彰化縣,TPP,林亞軒,,TPP-town-10007010-REPRESENTATIVE-02.webp,政黨／候選人提供,台灣民眾黨提供,https://tainan.olc.tw/p/2026/data/photos/tpp_228.png,已裁切為 avatar
town-10007010-REPRESENTATIVE,彰化縣,TPP,董立凱,,TPP-town-10007010-REPRESENTATIVE-03.webp,政黨／候選人提供,台灣民眾黨提供,https://tainan.olc.tw/p/2026/data/photos/tpp_230.png,已裁切為 avatar
town-10007010-REPRESENTATIVE,彰化縣,TPP,郭凱倫,,TPP-town-10007010-REPRESENTATIVE-04.webp,政黨／候選人提供,台灣民眾黨提供,https://tainan.olc.tw/p/2026/data/photos/tpp_229.png,已裁切為 avatar
town-10007060-REPRESENTATIVE,彰化縣,TPP,黃怡雯,,TPP-town-10007060-REPRESENTATIVE-01.webp,政黨／候選人提供,台灣民眾黨提供,https://tainan.olc.tw/p/2026/data/photos/photo_6a606ec729c40.jpg,已裁切為 avatar
town-10007080-REPRESENTATIVE,彰化縣,TPP,陳冠豪,,TPP-town-10007080-REPRESENTATIVE-01.webp,政黨／候選人提供,台灣民眾黨提供,https://tainan.olc.tw/p/2026/data/photos/tpp_233.png,已裁切為 avatar
town-10007100-REPRESENTATIVE,彰化縣,TPP,張嘉龍,,TPP-town-10007100-REPRESENTATIVE-01.webp,政黨／候選人提供,台灣民眾黨提供,https://tainan.olc.tw/p/2026/data/photos/tpp_221.png,已裁切為 avatar
town-10007100-REPRESENTATIVE,彰化縣,TPP,邱郁文,,TPP-town-10007100-REPRESENTATIVE-02.webp,政黨／候選人提供,台灣民眾黨提供,https://tainan.olc.tw/p/2026/data/photos/tpp_219.png,已裁切為 avatar
town-10007100-REPRESENTATIVE,彰化縣,TPP,張仕穎,,TPP-town-10007100-REPRESENTATIVE-03.webp,政黨／候選人提供,台灣民眾黨提供,https://tainan.olc.tw/p/2026/data/photos/tpp_220.png,已裁切為 avatar
town-10007140-REPRESENTATIVE,彰化縣,TPP,梁智宣,,TPP-town-10007140-REPRESENTATIVE-01.webp,政黨／候選人提供,台灣民眾黨提供,https://tainan.olc.tw/p/2026/data/photos/photo_6a0c6807190a5.jpg,已裁切為 avatar
town-10007150-REPRESENTATIVE,彰化縣,TPP,徐尚裕,,TPP-town-10007150-REPRESENTATIVE-01.webp,政黨／候選人提供,台灣民眾黨提供,https://tainan.olc.tw/p/2026/data/photos/tpp_234.png,已裁切為 avatar
town-10007160-REPRESENTATIVE,彰化縣,TPP,張惟荏,,TPP-town-10007160-REPRESENTATIVE-01.webp,政黨／候選人提供,台灣民眾黨提供,https://tainan.olc.tw/p/2026/data/photos/tpp_232.png,已裁切為 avatar
town-10007220-REPRESENTATIVE,彰化縣,TPP,許泰祥,,TPP-town-10007220-REPRESENTATIVE-01.webp,政黨／候選人提供,台灣民眾黨提供,https://tainan.olc.tw/p/2026/data/photos/tpp_235.png,已裁切為 avatar
town-10008130-TOWNSHIP,南投縣,TPP,林瑞祥,,TPP-town-10008130-TOWNSHIP-01.webp,政黨／候選人提供,台灣民眾黨提供,https://tainan.olc.tw/p/2026/data/photos/photo_6a0c6f7a7e1ee.jpg,已裁切為 avatar
town-10013010-REPRESENTATIVE,屏東縣,GPT,游子昂,,GPT-town-10013010-REPRESENTATIVE-01.webp,政黨／候選人提供,台灣前進陣線,https://taiwangogo.tw/assets/faces/hero/yu-tzu-ang.webp,已裁切為 avatar
town-10013010-REPRESENTATIVE,屏東縣,TPP,郭泰安,,TPP-town-10013010-REPRESENTATIVE-01.webp,政黨／候選人提供,台灣民眾黨提供,https://tainan.olc.tw/p/2026/data/photos/tpp_217.png,已裁切為 avatar
town-10013020-REPRESENTATIVE,屏東縣,TPP,林耀宗,,TPP-town-10013020-REPRESENTATIVE-01.webp,政黨／候選人提供,台灣民眾黨提供,https://tainan.olc.tw/p/2026/data/photos/tpp_236.png,已裁切為 avatar
town-10015010-TOWNSHIP,花蓮縣,TPP,戴于文,,TPP-town-10015010-TOWNSHIP-01.webp,政黨／候選人提供,台灣民眾黨提供,https://tainan.olc.tw/p/2026/data/photos/photo_6a581f92e6be5.jpg,已裁切為 avatar
town-10015030-REPRESENTATIVE,花蓮縣,TPP,陳政慈,,TPP-town-10015030-REPRESENTATIVE-01.webp,政黨／候選人提供,台灣民眾黨提供,https://tainan.olc.tw/p/2026/data/photos/photo_6a4e59294a1ec.jpg,已裁切為 avatar
town-10015050-REPRESENTATIVE,花蓮縣,TPP,楊靖妍,,TPP-town-10015050-REPRESENTATIVE-01.webp,政黨／候選人提供,台灣民眾黨提供,https://tainan.olc.tw/p/2026/data/photos/photo_6a4e58d7b35a9.jpg,已裁切為 avatar
town-10015060-REPRESENTATIVE,花蓮縣,TPP,陳咸均,,TPP-town-10015060-REPRESENTATIVE-01.webp,政黨／候選人提供,台灣民眾黨提供,https://tainan.olc.tw/p/2026/data/photos/photo_6a4e58b0dfaa1.jpg,已裁切為 avatar
town-10015130-REPRESENTATIVE,花蓮縣,TPP,卓孝明,,TPP-town-10015130-REPRESENTATIVE-01.webp,政黨／候選人提供,台灣民眾黨提供,https://tainan.olc.tw/p/2026/data/photos/photo_6a4e59061012f.jpg,已裁切為 avatar
town-64000370-TOWNSHIP,高雄市,TPP,陳德福,,TPP-town-64000370-TOWNSHIP-01.webp,政黨／候選人提供,台灣民眾黨提供,https://tainan.olc.tw/p/2026/data/photos/tpp_239.png,已裁切為 avatar
vill-10018020030-VILLAGE,新竹市,TPP,蔡頴德,,TPP-vill-10018020030-VILLAGE-01.webp,政黨／候選人提供,台灣民眾黨提供,https://tainan.olc.tw/p/2026/data/photos/tpp_244.png,已裁切為 avatar
vill-63000060026-VILLAGE,臺北市,TPP,許宇騰,,TPP-vill-63000060026-VILLAGE-01.webp,政黨／候選人提供,台灣民眾黨提供,https://tainan.olc.tw/p/2026/data/photos/photo_6a5822d78f5bb.jpg,已裁切為 avatar
vill-63000080013-VILLAGE,臺北市,TPP,李孟哲,,TPP-vill-63000080013-VILLAGE-01.webp,政黨／候選人提供,台灣民眾黨提供,https://tainan.olc.tw/p/2026/data/photos/photo_6a58230d081ad.jpg,已裁切為 avatar
vill-66000110026-VILLAGE,臺中市,TPP,王慧娟,,TPP-vill-66000110026-VILLAGE-01.webp,政黨／候選人提供,台灣民眾黨提供,https://tainan.olc.tw/p/2026/data/photos/tpp_241.png,已裁切為 avatar
vill-67000360007-VILLAGE,臺南市,TPP,吳森源,,TPP-vill-67000360007-VILLAGE-01.webp,政黨／候選人提供,台灣民眾黨提供,https://tainan.olc.tw/p/2026/data/photos/tpp_238.png,已裁切為 avatar
