code,contestId,name,partyId,jurisdiction
KMT-NAN-COUNCIL-2-700B72E6,NAN-COUNCIL-2,林昆熠,KMT,南投縣
KMT-NAN-COUNCIL-3-539F138D,NAN-COUNCIL-3,謝明媒,KMT,南投縣
KMT-NAN-COUNCIL-5-92BBF0A9,NAN-COUNCIL-5,羅俞欣,KMT,南投縣
TPP-CYI-COUNCIL-1-B8AB683D,CYI-COUNCIL-1,張啓楷,TPP,嘉義市
KMT-CYI-COUNCIL-1-BEC909E1,CYI-COUNCIL-1,張敏琪,KMT,嘉義市
KMT-CYI-COUNCIL-1-8AB99844,CYI-COUNCIL-1,傅大偉,KMT,嘉義市
KMT-CYI-COUNCIL-1-BE99CFA4,CYI-COUNCIL-1,陳家平,KMT,嘉義市
KMT-CYI-COUNCIL-1-EF7B3E51,CYI-COUNCIL-1,郭定緯,KMT,嘉義市
KMT-CYI-COUNCIL-1-8D8CDC4E,CYI-COUNCIL-1,梁樹綸,KMT,嘉義市
KMT-CYI-COUNCIL-2-B1A87473,CYI-COUNCIL-2,張秀華,KMT,嘉義市
KMT-CYI-COUNCIL-2-EE879CB9,CYI-COUNCIL-2,鄭光宏,KMT,嘉義市
KMT-CYI-COUNCIL-2-043DE340,CYI-COUNCIL-2,黃思婷,KMT,嘉義市
KMT-CYQ-COUNCIL-1-40DA5280,CYQ-COUNCIL-1,王啓澧,KMT,嘉義縣
KMT-CYQ-COUNCIL-1-0255A745,CYQ-COUNCIL-1,詹琬蓁,KMT,嘉義縣
KMT-CYQ-COUNCIL-2-6214B64C,CYQ-COUNCIL-2,簡嘉億,KMT,嘉義縣
KMT-CYQ-COUNCIL-2-845FDAE8,CYQ-COUNCIL-2,簡嘉憶,KMT,嘉義縣
KMT-CYQ-COUNCIL-3-153CA683,CYQ-COUNCIL-3,吳思蓉,KMT,嘉義縣
KMT-CYQ-COUNCIL-3-6840B7AB,CYQ-COUNCIL-3,陳靖雅,KMT,嘉義縣
KMT-CYQ-COUNCIL-4-8CFDE62E,CYQ-COUNCIL-4,李佳豪,KMT,嘉義縣
KMT-CYQ-COUNCIL-5-84A76417,CYQ-COUNCIL-5,蔡信典,KMT,嘉義縣
KMT-CYQ-COUNCIL-6-239C3214,CYQ-COUNCIL-6,詹黃素蓮,KMT,嘉義縣
KMT-KEE-COUNCIL-1-CD9107D3,KEE-COUNCIL-1,林孟泓,KMT,基隆市
PFP-KEE-COUNCIL-2-A3F8C5E0,KEE-COUNCIL-2,鄭素禎,PFP,基隆市
KMT-KEE-COUNCIL-3-94FCD64A,KEE-COUNCIL-3,曾維祥,KMT,基隆市
KMT-KEE-COUNCIL-4-D7ADDEFC,KEE-COUNCIL-4,林佑德,KMT,基隆市
PFP-KEE-COUNCIL-5-D09D7BF6,KEE-COUNCIL-5,黃舒琳,PFP,基隆市
KMT-KEE-COUNCIL-5-59C98146,KEE-COUNCIL-5,俞叄發,KMT,基隆市
KMT-KEE-COUNCIL-5-698B22B9,KEE-COUNCIL-5,張家馨,KMT,基隆市
KMT-ILA-COUNCIL-1-77BEA0C7,ILA-COUNCIL-1,張勝德,KMT,宜蘭縣
KMT-ILA-COUNCIL-1-63CDFB0A,ILA-COUNCIL-1,林岳賢,KMT,宜蘭縣
KMT-ILA-COUNCIL-1-9C8C79AD,ILA-COUNCIL-1,莊淑如,KMT,宜蘭縣
KMT-ILA-COUNCIL-10-57774DAB,ILA-COUNCIL-10,黃士駿,KMT,宜蘭縣
PFP-ILA-COUNCIL-12-EFF7C53F,ILA-COUNCIL-12,陳杰麟,PFP,宜蘭縣
KMT-ILA-COUNCIL-12-0BB7D47C,ILA-COUNCIL-12,沈志弘,KMT,宜蘭縣
KMT-ILA-COUNCIL-2-F70B4A81,ILA-COUNCIL-2,賴良洲,KMT,宜蘭縣
KMT-ILA-COUNCIL-3-E396B230,ILA-COUNCIL-3,張永德,KMT,宜蘭縣
KMT-ILA-COUNCIL-4-73598158,ILA-COUNCIL-4,黃浴沂,KMT,宜蘭縣
KMT-ILA-COUNCIL-5-DE8083A0,ILA-COUNCIL-5,黃建勇,KMT,宜蘭縣
KMT-ILA-COUNCIL-6-14E6D80F,ILA-COUNCIL-6,黃琤婷,KMT,宜蘭縣
KMT-ILA-COUNCIL-6-50A9CFD2,ILA-COUNCIL-6,陳漢鍾,KMT,宜蘭縣
KMT-ILA-COUNCIL-7-76609CF8,ILA-COUNCIL-7,林義剛,KMT,宜蘭縣
KMT-ILA-COUNCIL-8-18B82456,ILA-COUNCIL-8,楊弘旻,KMT,宜蘭縣
KMT-ILA-COUNCIL-9-FD18C7A3,ILA-COUNCIL-9,曾茂照,KMT,宜蘭縣
KMT-PIF-COUNCIL-1-DDA5A35F,PIF-COUNCIL-1,黃明賢,KMT,屏東縣
KMT-PIF-COUNCIL-1-190A0695,PIF-COUNCIL-1,陳揚,KMT,屏東縣
KMT-PIF-COUNCIL-1-9F505C72,PIF-COUNCIL-1,蘇資婷,KMT,屏東縣
KMT-PIF-COUNCIL-1-EADCFB14,PIF-COUNCIL-1,方華雄,KMT,屏東縣
KMT-PIF-COUNCIL-1-24F5A870,PIF-COUNCIL-1,任峻賢,KMT,屏東縣
KMT-PIF-COUNCIL-1-2A00ED3C,PIF-COUNCIL-1,陳哲蕙,KMT,屏東縣
KMT-PIF-COUNCIL-10-DB3339D0,PIF-COUNCIL-10,高惠芬,KMT,屏東縣
KMT-PIF-COUNCIL-11-7688D493,PIF-COUNCIL-11,邱登星,KMT,屏東縣
KMT-PIF-COUNCIL-15-D58B45AB,PIF-COUNCIL-15,許金吉,KMT,屏東縣
KMT-PIF-COUNCIL-2-D1FC1571,PIF-COUNCIL-2,宋麗華,KMT,屏東縣
KMT-PIF-COUNCIL-2-67EE5928,PIF-COUNCIL-2,盧文瑞,KMT,屏東縣
KMT-PIF-COUNCIL-2-1D627676,PIF-COUNCIL-2,王景山,KMT,屏東縣
KMT-PIF-COUNCIL-3-382DC0FB,PIF-COUNCIL-3,徐榮耀,KMT,屏東縣
KMT-PIF-COUNCIL-3-C8260508,PIF-COUNCIL-3,許馨勻,KMT,屏東縣
KMT-PIF-COUNCIL-3-8A02B384,PIF-COUNCIL-3,吳慈慧,KMT,屏東縣
KMT-PIF-COUNCIL-3-D18BB039,PIF-COUNCIL-3,李世淦,KMT,屏東縣
KMT-PIF-COUNCIL-4-E7044326,PIF-COUNCIL-4,周芸均,KMT,屏東縣
KMT-PIF-COUNCIL-4-D6114E29,PIF-COUNCIL-4,胡嘉玲,KMT,屏東縣
KMT-PIF-COUNCIL-5-348D00F6,PIF-COUNCIL-5,陳靜芳,KMT,屏東縣
KMT-PIF-COUNCIL-6-239F689A,PIF-COUNCIL-6,張榮志,KMT,屏東縣
KMT-PIF-COUNCIL-8-A814A2BA,PIF-COUNCIL-8,潘翠雲,KMT,屏東縣
KMT-CHA-COUNCIL-1-902DA3E7,CHA-COUNCIL-1,許原龍,KMT,彰化縣
KMT-CHA-COUNCIL-1-0258842E,CHA-COUNCIL-1,白玉如,KMT,彰化縣
KMT-CHA-COUNCIL-1-0FB0A758,CHA-COUNCIL-1,黃千宴,KMT,彰化縣
KMT-CHA-COUNCIL-1-07265ED8,CHA-COUNCIL-1,温芝樺,KMT,彰化縣
KMT-CHA-COUNCIL-1-CA098ECB,CHA-COUNCIL-1,顧勝敏,KMT,彰化縣
KMT-CHA-COUNCIL-10-1DEE52F0,CHA-COUNCIL-10,張瑋婷,KMT,彰化縣
KMT-CHA-COUNCIL-10-0E36A0E3,CHA-COUNCIL-10,金凱傑,KMT,彰化縣
KMT-CHA-COUNCIL-10-4C6D2E85,CHA-COUNCIL-10,吳秋祿,KMT,彰化縣
KMT-CHA-COUNCIL-2-CAD083D1,CHA-COUNCIL-2,徐淑媚,KMT,彰化縣
KMT-CHA-COUNCIL-2-33542EA4,CHA-COUNCIL-2,楊竣程,KMT,彰化縣
KMT-CHA-COUNCIL-2-469D052F,CHA-COUNCIL-2,許志宏,KMT,彰化縣
KMT-CHA-COUNCIL-2-AF6FEA63,CHA-COUNCIL-2,王信筌,KMT,彰化縣
KMT-CHA-COUNCIL-3-8A5E17D7,CHA-COUNCIL-3,柯振杯,KMT,彰化縣
KMT-CHA-COUNCIL-3-F8C9B3C5,CHA-COUNCIL-3,林小琪,KMT,彰化縣
KMT-CHA-COUNCIL-3-D6D229A7,CHA-COUNCIL-3,鍾雅茹,KMT,彰化縣
KMT-CHA-COUNCIL-4-840CBAA7,CHA-COUNCIL-4,黃正盛,KMT,彰化縣
KMT-CHA-COUNCIL-4-6BB176FC,CHA-COUNCIL-4,曹嘉豪,KMT,彰化縣
KMT-CHA-COUNCIL-4-93A8A722,CHA-COUNCIL-4,游筑凱,KMT,彰化縣
KMT-CHA-COUNCIL-4-796E76B9,CHA-COUNCIL-4,張詠勝,KMT,彰化縣
KMT-CHA-COUNCIL-4-753D45A9,CHA-COUNCIL-4,張愉婕,KMT,彰化縣
KMT-CHA-COUNCIL-5-BBFBEBBB,CHA-COUNCIL-5,陳玉姬,KMT,彰化縣
KMT-CHA-COUNCIL-5-3F90C2E2,CHA-COUNCIL-5,黃佳惠,KMT,彰化縣
KMT-CHA-COUNCIL-6-DAD9309F,CHA-COUNCIL-6,鄭俊雄,KMT,彰化縣
KMT-CHA-COUNCIL-6-CF01B8BB,CHA-COUNCIL-6,蕭妤亘,KMT,彰化縣
KMT-CHA-COUNCIL-6-C69FB1F5,CHA-COUNCIL-6,蕭岳倫,KMT,彰化縣
KMT-CHA-COUNCIL-6-2F530F4B,CHA-COUNCIL-6,彭世和,KMT,彰化縣
KMT-CHA-COUNCIL-7-4C716D78,CHA-COUNCIL-7,劉淑芳,KMT,彰化縣
KMT-CHA-COUNCIL-7-E45D833C,CHA-COUNCIL-7,謝典霖,KMT,彰化縣
KMT-CHA-COUNCIL-7-A72FC033,CHA-COUNCIL-7,李浩誠,KMT,彰化縣
KMT-CHA-COUNCIL-8-465BD93B,CHA-COUNCIL-8,張國棟,KMT,彰化縣
KMT-CHA-COUNCIL-8-CEA085F1,CHA-COUNCIL-8,曾温泉,KMT,彰化縣
KMT-CHA-COUNCIL-9-717CF11C,CHA-COUNCIL-9,陳榮妹,KMT,彰化縣
DPP-NTP-COUNCIL-1-08AA60ED,NTP-COUNCIL-1,游明諺,DPP,新北市
KMT-NTP-COUNCIL-1-F745099D,NTP-COUNCIL-1,陳家琪,KMT,新北市
KMT-NTP-COUNCIL-1-09FE5F09,NTP-COUNCIL-1,呂鈞鴻,KMT,新北市
KMT-NTP-COUNCIL-10-51B126A8,NTP-COUNCIL-10,林正峰,KMT,新北市
DPP-NTP-COUNCIL-11-8A8D9444,NTP-COUNCIL-11,蔡美華,DPP,新北市
KMT-NTP-COUNCIL-11-B38C3659,NTP-COUNCIL-11,白佩茹,KMT,新北市
KMT-NTP-COUNCIL-11-D10965DF,NTP-COUNCIL-11,何元楷,KMT,新北市
KMT-NTP-COUNCIL-12-00B3F05F,NTP-COUNCIL-12,吳國譽La．ls．Amid,KMT,新北市
DPP-NTP-COUNCIL-13-57F28A0F,NTP-COUNCIL-13,布落‧馬信,DPP,新北市
KMT-NTP-COUNCIL-13-CABE73CA,NTP-COUNCIL-13,何應明,KMT,新北市
DPP-NTP-COUNCIL-2-87C86F92,NTP-COUNCIL-2,戴翎育,DPP,新北市
KMT-NTP-COUNCIL-2-BE78AC52,NTP-COUNCIL-2,蔡佩呈,KMT,新北市
KMT-NTP-COUNCIL-2-77CEF5D4,NTP-COUNCIL-2,鄭丞宏,KMT,新北市
PFP-NTP-COUNCIL-3-F68358CE,NTP-COUNCIL-3,蕭夙玲,PFP,新北市
DPP-NTP-COUNCIL-3-4DF59C05,NTP-COUNCIL-3,陳岱吟,DPP,新北市
DPP-NTP-COUNCIL-3-86D1A913,NTP-COUNCIL-3,吳奕萱,DPP,新北市
KMT-NTP-COUNCIL-3-A9A34D70,NTP-COUNCIL-3,蔣根煌,KMT,新北市
KMT-NTP-COUNCIL-3-556587D9,NTP-COUNCIL-3,蔡健棠,KMT,新北市
KMT-NTP-COUNCIL-3-F29A5AE2,NTP-COUNCIL-3,王珮宇,KMT,新北市
PFP-NTP-COUNCIL-4-17E9DE16,NTP-COUNCIL-4,劉成謙,PFP,新北市
DPP-NTP-COUNCIL-4-64712AD8,NTP-COUNCIL-4,陳俊維,DPP,新北市
KMT-NTP-COUNCIL-4-B02B724C,NTP-COUNCIL-4,蔡政呈,KMT,新北市
DPP-NTP-COUNCIL-5-57BB6CCF,NTP-COUNCIL-5,李昆穎,DPP,新北市
DPP-NTP-COUNCIL-5-3710C420,NTP-COUNCIL-5,陳俊諺,DPP,新北市
KMT-NTP-COUNCIL-5-4801F870,NTP-COUNCIL-5,周韋翰,KMT,新北市
KMT-NTP-COUNCIL-5-0EB35281,NTP-COUNCIL-5,鄧凱勛,KMT,新北市
DPP-NTP-COUNCIL-6-CDD90C37,NTP-COUNCIL-6,張志豪,DPP,新北市
KMT-NTP-COUNCIL-6-443315CC,NTP-COUNCIL-6,邱烽堯,KMT,新北市
KMT-NTP-COUNCIL-6-DFD9BD23,NTP-COUNCIL-6,游輝宂,KMT,新北市
DPP-NTP-COUNCIL-7-9307C07A,NTP-COUNCIL-7,羅文崇,DPP,新北市
KMT-NTP-COUNCIL-7-5D36B82D,NTP-COUNCIL-7,陳以樂,KMT,新北市
DPP-NTP-COUNCIL-8-B4209EB1,NTP-COUNCIL-8,張嘉玲,DPP,新北市
DPP-NTP-COUNCIL-8-22CC08F5,NTP-COUNCIL-8,張志豪,DPP,新北市
DPP-NTP-COUNCIL-8-394F8E65,NTP-COUNCIL-8,吳昇翰,DPP,新北市
DPP-NTP-COUNCIL-8-90C8C04D,NTP-COUNCIL-8,高乃芸,DPP,新北市
KMT-NTP-COUNCIL-8-E932AF21,NTP-COUNCIL-8,呂家愷,KMT,新北市
DPP-NTP-COUNCIL-9-F1BB2B29,NTP-COUNCIL-9,陳韋任,DPP,新北市
KMT-NTP-COUNCIL-9-2CF6DFFE,NTP-COUNCIL-9,劉哲彰,KMT,新北市
KMT-NTP-COUNCIL-9-C1BF35FD,NTP-COUNCIL-9,黃心華,KMT,新北市
KMT-NTP-COUNCIL-9-FA43BC4C,NTP-COUNCIL-9,游皓麟,KMT,新北市
KMT-HSZ-COUNCIL-1-0C41EFB7,HSZ-COUNCIL-1,黃婉嫣,KMT,新竹市
KMT-HSZ-COUNCIL-1-76656731,HSZ-COUNCIL-1,張文興,KMT,新竹市
KMT-HSZ-COUNCIL-1-36BB858D,HSZ-COUNCIL-1,陳清智,KMT,新竹市
KMT-HSZ-COUNCIL-3-0A59455E,HSZ-COUNCIL-3,陳思妤,KMT,新竹市
KMT-HSZ-COUNCIL-4-A4FBB030,HSZ-COUNCIL-4,王雲慶,KMT,新竹市
KMT-HSZ-COUNCIL-5-FBE60707,HSZ-COUNCIL-5,吳若茵,KMT,新竹市
KMT-HSZ-COUNCIL-6-80926DC3,HSZ-COUNCIL-6,李雅雯,KMT,新竹市
KMT-HSZ-COUNCIL-7-A341FEC9,HSZ-COUNCIL-7,林夏陞,KMT,新竹市
KMT-HSQ-COUNCIL-12-70C1861D,HSQ-COUNCIL-12,確定提名,KMT,新竹縣
KMT-HSQ-COUNCIL-13-83BE7C81,HSQ-COUNCIL-13,曾國大,KMT,新竹縣
KMT-HSQ-COUNCIL-2-063A3CCD,HSQ-COUNCIL-2,杜文中,KMT,新竹縣
KMT-HSQ-COUNCIL-2-1C88AD58,HSQ-COUNCIL-2,戴佩如,KMT,新竹縣
KMT-HSQ-COUNCIL-4-87956FB0,HSQ-COUNCIL-4,張以聖,KMT,新竹縣
KMT-HSQ-COUNCIL-6-7FD071A7,HSQ-COUNCIL-6,黃路加,KMT,新竹縣
KMT-HSQ-COUNCIL-8-60C83BB0,HSQ-COUNCIL-8,黃正彪,KMT,新竹縣
KMT-HSQ-COUNCIL-9-A1577336,HSQ-COUNCIL-9,羅俊傑,KMT,新竹縣
DPP-TAO-COUNCIL-1-B8C588FC,TAO-COUNCIL-1,李柏瑟,DPP,桃園市
DPP-TAO-COUNCIL-12-5144EBD9,TAO-COUNCIL-12,張佩芸,DPP,桃園市
KMT-TAO-COUNCIL-13-74CA2AFF,TAO-COUNCIL-13,陳卉蓁,KMT,桃園市
KMT-TAO-COUNCIL-14-CB641E51,TAO-COUNCIL-14,張倉豪,KMT,桃園市
PFP-TAO-COUNCIL-2-0452AB79,TAO-COUNCIL-2,陳泓維,PFP,桃園市
KMT-TAO-COUNCIL-2-50910D99,TAO-COUNCIL-2,高華駿,KMT,桃園市
KMT-TAO-COUNCIL-2-8105CB62,TAO-COUNCIL-2,林明義,KMT,桃園市
KMT-TAO-COUNCIL-2-3F1218B9,TAO-COUNCIL-2,江冠妤,KMT,桃園市
DPP-TAO-COUNCIL-3-5E10DA18,TAO-COUNCIL-3,蔡永芳,DPP,桃園市
KMT-TAO-COUNCIL-3-0530CB85,TAO-COUNCIL-3,劉茂羣,KMT,桃園市
DPP-TAO-COUNCIL-4-FEF725E1,TAO-COUNCIL-4,胡家智,DPP,桃園市
PFP-TAO-COUNCIL-5-8B5BDF8E,TAO-COUNCIL-5,徐慈檉,PFP,桃園市
KMT-TAO-COUNCIL-7-5DD4B20E,TAO-COUNCIL-7,劉安祺,KMT,桃園市
KMT-TAO-COUNCIL-7-DE5DBE1F,TAO-COUNCIL-7,吳睿霖,KMT,桃園市
KMT-TAO-COUNCIL-7-5534377C,TAO-COUNCIL-7,彭康傑,KMT,桃園市
KMT-TAO-COUNCIL-8-A1C4949F,TAO-COUNCIL-8,彭柏霖,KMT,桃園市
DPP-TAO-COUNCIL-9-CA697180,TAO-COUNCIL-9,項柏翰,DPP,桃園市
KMT-TAO-COUNCIL-9-7E713A4A,TAO-COUNCIL-9,古振豐,KMT,桃園市
DPP-TXG-COUNCIL-1-87AEBA22,TXG-COUNCIL-1,吳中源,DPP,臺中市
KMT-TXG-COUNCIL-1-D8692B98,TXG-COUNCIL-1,楊啟邦,KMT,臺中市
DPP-TXG-COUNCIL-11-3C814371,TXG-COUNCIL-11,何翊綾,DPP,臺中市
DPP-TXG-COUNCIL-14-23028BEA,TXG-COUNCIL-14,詹智翔,DPP,臺中市
DPP-TXG-COUNCIL-2-B687BF66,TXG-COUNCIL-2,陳怡潔,DPP,臺中市
PFP-TXG-COUNCIL-4-F804EEB6,TXG-COUNCIL-4,黃朝淵,PFP,臺中市
DPP-TXG-COUNCIL-4-0DB4AFAB,TXG-COUNCIL-4,蔡怡萱,DPP,臺中市
KMT-TXG-COUNCIL-4-3B6990D5,TXG-COUNCIL-4,連佳振,KMT,臺中市
IND-TXG-COUNCIL-5-F0F372E4,TXG-COUNCIL-5,林鈺梅,IND,臺中市
DPP-TXG-COUNCIL-5-FE328F34,TXG-COUNCIL-5,陳映辰,DPP,臺中市
KMT-TXG-COUNCIL-5-5A50C949,TXG-COUNCIL-5,陳清崧,KMT,臺中市
DPP-TXG-COUNCIL-7-89D964CB,TXG-COUNCIL-7,張耀中,DPP,臺中市
DPP-TXG-COUNCIL-8-38DC1F77,TXG-COUNCIL-8,陳信秀,DPP,臺中市
DPP-TXG-COUNCIL-8-682C4B3E,TXG-COUNCIL-8,曾咨耀,DPP,臺中市
KMT-TXG-COUNCIL-8-7C309951,TXG-COUNCIL-8,吳宗學,KMT,臺中市
KMT-TXG-COUNCIL-8-D9C9EAD1,TXG-COUNCIL-8,許育璿,KMT,臺中市
KMT-TPE-COUNCIL-1-9D0A550C,TPE-COUNCIL-1,賴苡任,KMT,臺北市
KMT-TPE-COUNCIL-1-B45A522B,TPE-COUNCIL-1,林揚庭,KMT,臺北市
DPP-TPE-COUNCIL-2-8B66BC2E,TPE-COUNCIL-2,高嘉瑜,DPP,臺北市
DPP-TPE-COUNCIL-2-DEFA7961,TPE-COUNCIL-2,陳又新,DPP,臺北市
KMT-TPE-COUNCIL-2-7000D75D,TPE-COUNCIL-2,陳冠安,KMT,臺北市
DPP-TPE-COUNCIL-3-9A33AD55,TPE-COUNCIL-3,郭凡,DPP,臺北市
KMT-TPE-COUNCIL-3-38E0A64D,TPE-COUNCIL-3,李明璇,KMT,臺北市
KMT-TPE-COUNCIL-3-7B02C617,TPE-COUNCIL-3,許原榮,KMT,臺北市
DPP-TPE-COUNCIL-4-D36C0436,TPE-COUNCIL-4,林子揚,DPP,臺北市
DPP-TPE-COUNCIL-4-A8C6C945,TPE-COUNCIL-4,賴俊翰,DPP,臺北市
KMT-TPE-COUNCIL-4-52FFC11A,TPE-COUNCIL-4,李易儒,KMT,臺北市
DPP-TPE-COUNCIL-5-977DCBA6,TPE-COUNCIL-5,馬郁雯,DPP,臺北市
DPP-TPE-COUNCIL-5-4A526A6D,TPE-COUNCIL-5,張銘祐,DPP,臺北市
KMT-TPE-COUNCIL-5-C4A56951,TPE-COUNCIL-5,張廷廷,KMT,臺北市
KMT-TPE-COUNCIL-5-1D4951BC,TPE-COUNCIL-5,張延廷,KMT,臺北市
DPP-TPE-COUNCIL-6-67B7CB44,TPE-COUNCIL-6,陳聖文,DPP,臺北市
DPP-TPE-COUNCIL-6-66445DE9,TPE-COUNCIL-6,劉品妡,DPP,臺北市
DPP-TPE-COUNCIL-8-61CA66FE,TPE-COUNCIL-8,林家豪,DPP,臺北市
KMT-TPE-COUNCIL-8-CE0C7488,TPE-COUNCIL-8,李傅鈺婷,KMT,臺北市
KMT-TNN-COUNCIL-1-3E5C695B,TNN-COUNCIL-1,蔡育輝,KMT,臺南市
DPP-TNN-COUNCIL-10-467018FC,TNN-COUNCIL-10,陳金鐘,DPP,臺南市
KMT-TNN-COUNCIL-10-C1E7C2DC,TNN-COUNCIL-10,王家貞,KMT,臺南市
KMT-TNN-COUNCIL-10-53CD5D3C,TNN-COUNCIL-10,歐政豪,KMT,臺南市
KMT-TNN-COUNCIL-11-FACF2A13,TNN-COUNCIL-11,翁語含,KMT,臺南市
KMT-TNN-COUNCIL-13-B3E12C04,TNN-COUNCIL-13,辛晴晴,KMT,臺南市
KMT-TNN-COUNCIL-2-6B0ED386,TNN-COUNCIL-2,方一峰,KMT,臺南市
KMT-TNN-COUNCIL-3-72557EDD,TNN-COUNCIL-3,尤淨寬,KMT,臺南市
DPP-TNN-COUNCIL-4-64549625,TNN-COUNCIL-4,賴懋慶,DPP,臺南市
TSP-TNN-COUNCIL-5-C695C396,TNN-COUNCIL-5,吳依潔,TSP,臺南市
KMT-TNN-COUNCIL-5-ADB18814,TNN-COUNCIL-5,李佳蓉,KMT,臺南市
KMT-TNN-COUNCIL-5-EEDE9FE1,TNN-COUNCIL-5,廖俊道,KMT,臺南市
DPP-TNN-COUNCIL-6-BDEE9B77,TNN-COUNCIL-6,郭品辰,DPP,臺南市
DPP-TNN-COUNCIL-6-95C9B67E,TNN-COUNCIL-6,唐儀靜,DPP,臺南市
KMT-TNN-COUNCIL-6-D5838D12,TNN-COUNCIL-6,李中岑,KMT,臺南市
KMT-TNN-COUNCIL-6-F18FBBD5,TNN-COUNCIL-6,姚正玉,KMT,臺南市
KMT-TNN-COUNCIL-7-5720A04B,TNN-COUNCIL-7,林燕祝,KMT,臺南市
KMT-TNN-COUNCIL-7-D3D47FA3,TNN-COUNCIL-7,卞宗康,KMT,臺南市
KMT-TNN-COUNCIL-7-F416CB03,TNN-COUNCIL-7,周宏昌,KMT,臺南市
KMT-TNN-COUNCIL-7-149F213A,TNN-COUNCIL-7,李秉倫,KMT,臺南市
DPP-TNN-COUNCIL-8-E430CCED,TNN-COUNCIL-8,沈震南,DPP,臺南市
DPP-TNN-COUNCIL-8-84986E39,TNN-COUNCIL-8,林建南,DPP,臺南市
KMT-TNN-COUNCIL-8-277DA010,TNN-COUNCIL-8,許至椿,KMT,臺南市
KMT-TNN-COUNCIL-8-8644C2D4,TNN-COUNCIL-8,蔡宗豪,KMT,臺南市
KMT-TNN-COUNCIL-8-B18C0BB1,TNN-COUNCIL-8,童小芸,KMT,臺南市
DPP-TNN-COUNCIL-9-8653A792,TNN-COUNCIL-9,呂維胤,DPP,臺南市
KMT-TNN-COUNCIL-9-00DC27E9,TNN-COUNCIL-9,盧崑福,KMT,臺南市
KMT-TNN-COUNCIL-9-29CB3FA0,TNN-COUNCIL-9,葉瀚勳,KMT,臺南市
KMT-TNN-COUNCIL-9-7AB3A7F2,TNN-COUNCIL-9,陳冠諭,KMT,臺南市
KMT-TTT-COUNCIL-1-52AF54CC,TTT-COUNCIL-1,周達三,KMT,臺東縣
KMT-TTT-COUNCIL-1-9F7A6D9A,TTT-COUNCIL-1,吳景槐,KMT,臺東縣
KMT-TTT-COUNCIL-1-765FAD22,TTT-COUNCIL-1,張國洲,KMT,臺東縣
KMT-TTT-COUNCIL-1-2EE2A58E,TTT-COUNCIL-1,傅文鵬,KMT,臺東縣
KMT-TTT-COUNCIL-1-1DD62204,TTT-COUNCIL-1,李哲,KMT,臺東縣
KMT-TTT-COUNCIL-1-3F6C7EF6,TTT-COUNCIL-1,王春梅,KMT,臺東縣
KMT-TTT-COUNCIL-1-4AA22086,TTT-COUNCIL-1,饒慶鈺,KMT,臺東縣
KMT-TTT-COUNCIL-11-B49546EF,TTT-COUNCIL-11,楊秋珍,KMT,臺東縣
KMT-TTT-COUNCIL-12-91F142E2,TTT-COUNCIL-12,邱文俊,KMT,臺東縣
KMT-TTT-COUNCIL-13-E83A4BA9,TTT-COUNCIL-13,胡金至,KMT,臺東縣
KMT-TTT-COUNCIL-14-91474B40,TTT-COUNCIL-14,確定提名,KMT,臺東縣
KMT-TTT-COUNCIL-2-DA43D14D,TTT-COUNCIL-2,楊招信,KMT,臺東縣
KMT-TTT-COUNCIL-3-C2067709,TTT-COUNCIL-3,林東滿,KMT,臺東縣
KMT-TTT-COUNCIL-5-017DE95C,TTT-COUNCIL-5,翁麗吟,KMT,臺東縣
KMT-TTT-COUNCIL-6-6AB8B0BF,TTT-COUNCIL-6,謝賢裕,KMT,臺東縣
KMT-TTT-COUNCIL-7-F008951F,TTT-COUNCIL-7,林琮翰,KMT,臺東縣
KMT-TTT-COUNCIL-7-B5E30103,TTT-COUNCIL-7,方賢仁,KMT,臺東縣
KMT-TTT-COUNCIL-8-C11445CB,TTT-COUNCIL-8,鄭崗山,KMT,臺東縣
KMT-TTT-COUNCIL-9-6ADC1291,TTT-COUNCIL-9,尤忠正,KMT,臺東縣
KMT-HUA-COUNCIL-1-6573614A,HUA-COUNCIL-1,韓林梅,KMT,花蓮縣
KMT-HUA-COUNCIL-1-0319F45F,HUA-COUNCIL-1,黃達祥,KMT,花蓮縣
KMT-HUA-COUNCIL-10-64FED7F8,HUA-COUNCIL-10,金淑敏,KMT,花蓮縣
KMT-HUA-COUNCIL-2-0DD4BB06,HUA-COUNCIL-2,張美華,KMT,花蓮縣
KMT-HUA-COUNCIL-3-072F7472,HUA-COUNCIL-3,姜景文,KMT,花蓮縣
KMT-HUA-COUNCIL-3-FA415F53,HUA-COUNCIL-3,蔡文隆,KMT,花蓮縣
KMT-HUA-COUNCIL-5-7FB9C05E,HUA-COUNCIL-5,李正文,KMT,花蓮縣
KMT-HUA-COUNCIL-5-3E60EB6E,HUA-COUNCIL-5,陳進德,KMT,花蓮縣
KMT-HUA-COUNCIL-6-510C64FB,HUA-COUNCIL-6,林正福,KMT,花蓮縣
KMT-HUA-COUNCIL-7-B7E6649A,HUA-COUNCIL-7,秀吉•撒夫洛,KMT,花蓮縣
KMT-HUA-COUNCIL-9-EA26E0AF,HUA-COUNCIL-9,陳群,KMT,花蓮縣
DPP-MIA-COUNCIL-1-0D1DDA58,MIA-COUNCIL-1,陳品安,DPP,苗栗縣
KMT-LIE-COUNCIL-4-AABC05F0,LIE-COUNCIL-4,林德建,KMT,連江縣
KMT-town-09007010-TOWNSHIP-02E9D9C6,town-09007010-TOWNSHIP,林志東,KMT,鄉鎮市長
KMT-town-09007020-TOWNSHIP-27A8287E,town-09007020-TOWNSHIP,吳金平,KMT,鄉鎮市長
KMT-town-09007030-TOWNSHIP-E750C580,town-09007030-TOWNSHIP,陳樂禮,KMT,鄉鎮市長
KMT-town-10002010-TOWNSHIP-82B006B4,town-10002010-TOWNSHIP,陳美玲,KMT,鄉鎮市長
KMT-town-10002020-TOWNSHIP-07A4C13E,town-10002020-TOWNSHIP,陳鴻禧,KMT,鄉鎮市長
KMT-town-10002030-TOWNSHIP-9734F66D,town-10002030-TOWNSHIP,陳金麟,KMT,鄉鎮市長
KMT-town-10002040-TOWNSHIP-7B9EA259,town-10002040-TOWNSHIP,蔡文益,KMT,鄉鎮市長
KMT-town-10002050-TOWNSHIP-871B2675,town-10002050-TOWNSHIP,游見璋,KMT,鄉鎮市長
KMT-town-10002060-TOWNSHIP-4965BBA9,town-10002060-TOWNSHIP,張家豪,KMT,鄉鎮市長
KMT-town-10002070-TOWNSHIP-69A686C3,town-10002070-TOWNSHIP,黃雯如,KMT,鄉鎮市長
KMT-town-10002080-TOWNSHIP-B7D956D5,town-10002080-TOWNSHIP,林松根,KMT,鄉鎮市長
KMT-town-10002100-TOWNSHIP-652B658D,town-10002100-TOWNSHIP,江淳銘,KMT,鄉鎮市長
KMT-town-10002110-TOWNSHIP-9E046326,town-10002110-TOWNSHIP,胡文聰,KMT,鄉鎮市長
KMT-town-10002120-TOWNSHIP-6955433E,town-10002120-TOWNSHIP,游吉祥,KMT,鄉鎮市長
KMT-town-10004010-TOWNSHIP-CD3B33DA,town-10004010-TOWNSHIP,吳旭智,KMT,鄉鎮市長
KMT-town-10004020-TOWNSHIP-D55C1338,town-10004020-TOWNSHIP,范國威,KMT,鄉鎮市長
KMT-town-10004030-TOWNSHIP-7E8BCD1E,town-10004030-TOWNSHIP,陳英樓,KMT,鄉鎮市長
KMT-town-10004040-TOWNSHIP-3997C34B,town-10004040-TOWNSHIP,劉德樑,KMT,鄉鎮市長
KMT-town-10004050-TOWNSHIP-4EABE405,town-10004050-TOWNSHIP,吳淑君,KMT,鄉鎮市長
KMT-town-10004060-TOWNSHIP-9BCD69A2,town-10004060-TOWNSHIP,鄭旭凱,KMT,鄉鎮市長
KMT-town-10004070-TOWNSHIP-9B47A424,town-10004070-TOWNSHIP,陳星宏,KMT,鄉鎮市長
KMT-town-10004090-TOWNSHIP-C77B6085,town-10004090-TOWNSHIP,徐鏡明,KMT,鄉鎮市長
KMT-town-10004100-TOWNSHIP-2D95AB08,town-10004100-TOWNSHIP,邱振瑋,KMT,鄉鎮市長
KMT-town-10004120-TOWNSHIP-01ECC38B,town-10004120-TOWNSHIP,劉建民,KMT,鄉鎮市長
KMT-town-10004130-TOWNSHIP-15936D57,town-10004130-TOWNSHIP,秋維書,KMT,鄉鎮市長
KMT-town-10005010-TOWNSHIP-C610E29A,town-10005010-TOWNSHIP,余文忠,KMT,鄉鎮市長
KMT-town-10005050-TOWNSHIP-D759705B,town-10005050-TOWNSHIP,徐功凡,KMT,鄉鎮市長
KMT-town-10005140-TOWNSHIP-083F5498,town-10005140-TOWNSHIP,古秋雲,KMT,鄉鎮市長
KMT-town-10007010-TOWNSHIP-AB2D8BEE,town-10007010-TOWNSHIP,陳文賓,KMT,鄉鎮市長
KMT-town-10007030-TOWNSHIP-4B091D6E,town-10007030-TOWNSHIP,林庚壬,KMT,鄉鎮市長
KMT-town-10007040-TOWNSHIP-ADA9D902,town-10007040-TOWNSHIP,黃漢皇,KMT,鄉鎮市長
KMT-town-10007060-TOWNSHIP-D046DE6C,town-10007060-TOWNSHIP,黃俊源,KMT,鄉鎮市長
KMT-town-10007070-TOWNSHIP-C6B26F12,town-10007070-TOWNSHIP,鄭倫杰,KMT,鄉鎮市長
KMT-town-10007080-TOWNSHIP-A1E35B99,town-10007080-TOWNSHIP,沈文盛,KMT,鄉鎮市長
KMT-town-10007100-TOWNSHIP-51D1FC4E,town-10007100-TOWNSHIP,凃俊任,KMT,鄉鎮市長
KMT-town-10007110-TOWNSHIP-05DA9554,town-10007110-TOWNSHIP,陳貞妃,KMT,鄉鎮市長
KMT-town-10007140-TOWNSHIP-4F53711A,town-10007140-TOWNSHIP,施建樑,KMT,鄉鎮市長
KMT-town-10007170-TOWNSHIP-66EC0A78,town-10007170-TOWNSHIP,蕭浚二,KMT,鄉鎮市長
KMT-town-10007200-TOWNSHIP-B086E715,town-10007200-TOWNSHIP,陳一惇,KMT,鄉鎮市長
KMT-town-10007230-TOWNSHIP-F000E86B,town-10007230-TOWNSHIP,林保玲,KMT,鄉鎮市長
KMT-town-10008010-TOWNSHIP-0DDEC4A8,town-10008010-TOWNSHIP,張嘉哲,KMT,鄉鎮市長
KMT-town-10008020-TOWNSHIP-ACC3AD70,town-10008020-TOWNSHIP,黃世芳,KMT,鄉鎮市長
KMT-town-10008030-TOWNSHIP-7CCA5A19,town-10008030-TOWNSHIP,簡賜勝,KMT,鄉鎮市長
KMT-town-10008040-TOWNSHIP-18D022B9,town-10008040-TOWNSHIP,蔡孟娥,KMT,鄉鎮市長
KMT-town-10008050-TOWNSHIP-054AFA4E,town-10008050-TOWNSHIP,吳大村,KMT,鄉鎮市長
KMT-town-10008060-TOWNSHIP-1F7CD378,town-10008060-TOWNSHIP,蔡宗智,KMT,鄉鎮市長
KMT-town-10008070-TOWNSHIP-1EE1D925,town-10008070-TOWNSHIP,邱紹偉,KMT,鄉鎮市長
KMT-town-10008080-TOWNSHIP-F791C362,town-10008080-TOWNSHIP,周俊霖,KMT,鄉鎮市長
KMT-town-10008090-TOWNSHIP-02228F5F,town-10008090-TOWNSHIP,王若嵐,KMT,鄉鎮市長
KMT-town-10008100-TOWNSHIP-B4A7AAFD,town-10008100-TOWNSHIP,邱美玲,KMT,鄉鎮市長
KMT-town-10008110-TOWNSHIP-E317B926,town-10008110-TOWNSHIP,詹淵州,KMT,鄉鎮市長
KMT-town-10008130-TOWNSHIP-F5F28D94,town-10008130-TOWNSHIP,江子信,KMT,鄉鎮市長
KMT-town-10009010-TOWNSHIP-C6838200,town-10009010-TOWNSHIP,黃尤美,KMT,鄉鎮市長
KMT-town-10009070-TOWNSHIP-4899C604,town-10009070-TOWNSHIP,沈勝騰,KMT,鄉鎮市長
KMT-town-10009150-TOWNSHIP-78F848DA,town-10009150-TOWNSHIP,黃麗花,KMT,鄉鎮市長
KMT-town-10010050-TOWNSHIP-AA18C0A4,town-10010050-TOWNSHIP,林于玲,KMT,鄉鎮市長
KMT-town-10013010-TOWNSHIP-08496966,town-10013010-TOWNSHIP,周佳琪,KMT,鄉鎮市長
KMT-town-10013020-TOWNSHIP-C3EC7EA1,town-10013020-TOWNSHIP,王建元,KMT,鄉鎮市長
KMT-town-10013030-TOWNSHIP-BA9FBEC1,town-10013030-TOWNSHIP,洪志明,KMT,鄉鎮市長
KMT-town-10013040-TOWNSHIP-53828441,town-10013040-TOWNSHIP,盧玟欣,KMT,鄉鎮市長
KMT-town-10013260-TOWNSHIP-B20BE6E7,town-10013260-TOWNSHIP,謝志鴻,KMT,鄉鎮市長
KMT-town-10013280-TOWNSHIP-22FC1818,town-10013280-TOWNSHIP,羅清仁,KMT,鄉鎮市長
KMT-town-10013290-TOWNSHIP-56219D85,town-10013290-TOWNSHIP,曾大衛,KMT,鄉鎮市長
KMT-town-10013300-TOWNSHIP-CF3D4DA4,town-10013300-TOWNSHIP,曾譯影,KMT,鄉鎮市長
KMT-town-10013320-TOWNSHIP-39A5B1EC,town-10013320-TOWNSHIP,朱宏恩,KMT,鄉鎮市長
KMT-town-10014010-TOWNSHIP-2840CB48,town-10014010-TOWNSHIP,陳銘風,KMT,鄉鎮市長
KMT-town-10014020-TOWNSHIP-C14C8F0F,town-10014020-TOWNSHIP,謝淑貞,KMT,鄉鎮市長
KMT-town-10014030-TOWNSHIP-E3703E5E,town-10014030-TOWNSHIP,彭成豐,KMT,鄉鎮市長
KMT-town-10014040-TOWNSHIP-05A84F58,town-10014040-TOWNSHIP,郭宗益,KMT,鄉鎮市長
KMT-town-10014070-TOWNSHIP-FFDE703D,town-10014070-TOWNSHIP,葉啟煒,KMT,鄉鎮市長
KMT-town-10014080-TOWNSHIP-04882D75,town-10014080-TOWNSHIP,李光蘭,KMT,鄉鎮市長
KMT-town-10014110-TOWNSHIP-F327F174,town-10014110-TOWNSHIP,王姷力,KMT,鄉鎮市長
KMT-town-10014120-TOWNSHIP-88CBBE34,town-10014120-TOWNSHIP,張全馨嵐,KMT,鄉鎮市長
KMT-town-10014130-TOWNSHIP-CACAFD5B,town-10014130-TOWNSHIP,余光雄,KMT,鄉鎮市長
KMT-town-10015010-TOWNSHIP-19A13EAD,town-10015010-TOWNSHIP,魏嘉彥,KMT,鄉鎮市長
KMT-town-10015020-TOWNSHIP-69618D20,town-10015020-TOWNSHIP,蕭文龍,KMT,鄉鎮市長
KMT-town-10015030-TOWNSHIP-E9046021,town-10015030-TOWNSHIP,龔文俊,KMT,鄉鎮市長
KMT-town-10015040-TOWNSHIP-AF19B534,town-10015040-TOWNSHIP,陳柏錩,KMT,鄉鎮市長
KMT-town-10015050-TOWNSHIP-398E131F,town-10015050-TOWNSHIP,黃金發,KMT,鄉鎮市長
KMT-town-10015070-TOWNSHIP-2563C353,town-10015070-TOWNSHIP,鍾玉清,KMT,鄉鎮市長
KMT-town-10015080-TOWNSHIP-6F92D3D6,town-10015080-TOWNSHIP,陳天高,KMT,鄉鎮市長
KMT-town-10015110-TOWNSHIP-350F329C,town-10015110-TOWNSHIP,胡智民,KMT,鄉鎮市長
KMT-town-10015120-TOWNSHIP-E948BAEE,town-10015120-TOWNSHIP,梁光明,KMT,鄉鎮市長
KMT-town-10015130-TOWNSHIP-A5BD2ACC,town-10015130-TOWNSHIP,田桂花,KMT,鄉鎮市長
KMT-KIN-COUNCIL-1-014A610F,KIN-COUNCIL-1,楊忠俊,KMT,金門縣
KMT-KIN-COUNCIL-1-D0D1BF23,KIN-COUNCIL-1,洪允典,KMT,金門縣
KMT-KIN-COUNCIL-1-F4EC2069,KIN-COUNCIL-1,董家瑋,KMT,金門縣
KMT-KIN-COUNCIL-1-5DB82F72,KIN-COUNCIL-1,倪于媃,KMT,金門縣
KMT-KIN-COUNCIL-1-947992FA,KIN-COUNCIL-1,陳子芸,KMT,金門縣
KMT-KIN-COUNCIL-2-2D8A7BE2,KIN-COUNCIL-2,周子傑,KMT,金門縣
KMT-KIN-COUNCIL-2-B5B9392D,KIN-COUNCIL-2,王秀玉,KMT,金門縣
KMT-KIN-COUNCIL-2-69E518BA,KIN-COUNCIL-2,王國代,KMT,金門縣
DPP-YUN-COUNCIL-1-C4BE10AD,YUN-COUNCIL-1,張維崢,DPP,雲林縣
DPP-YUN-COUNCIL-1-D14BDB5D,YUN-COUNCIL-1,江文登,DPP,雲林縣
IND-YUN-COUNCIL-1-7FC25E6F,YUN-COUNCIL-1,鍾明馨,IND,雲林縣
IND-YUN-COUNCIL-1-CFC85962,YUN-COUNCIL-1,曾博鴻,IND,雲林縣
TPP-YUN-COUNCIL-1-14088D8A,YUN-COUNCIL-1,王峻毅,TPP,雲林縣
IND-YUN-COUNCIL-1-85184D37,YUN-COUNCIL-1,林岳璋,IND,雲林縣
KMT-YUN-COUNCIL-1-0FACD46A,YUN-COUNCIL-1,黃勝志,KMT,雲林縣
KMT-YUN-COUNCIL-1-31ECFF94,YUN-COUNCIL-1,陳永修,KMT,雲林縣
KMT-YUN-COUNCIL-1-5F902314,YUN-COUNCIL-1,陳芳盈,KMT,雲林縣
KMT-YUN-COUNCIL-2-FAF9E061,YUN-COUNCIL-2,王秋足,KMT,雲林縣
KMT-YUN-COUNCIL-4-51E7C2C1,YUN-COUNCIL-4,李明哲,KMT,雲林縣
KMT-YUN-COUNCIL-4-4CA944A8,YUN-COUNCIL-4,廖偉晴,KMT,雲林縣
KMT-YUN-COUNCIL-4-B2FF372D,YUN-COUNCIL-4,鍾任明,KMT,雲林縣
KMT-YUN-COUNCIL-5-FB47C61D,YUN-COUNCIL-5,林建鴻,KMT,雲林縣
KMT-YUN-COUNCIL-7-80D8090F,YUN-COUNCIL-7,呂佶娜,KMT,雲林縣
DPP-KHH-COUNCIL-1-383F331A,KHH-COUNCIL-1,林慧欣,DPP,高雄市
KMT-KHH-COUNCIL-1-EE8DC0A9,KHH-COUNCIL-1,李振豪,KMT,高雄市
DPP-KHH-COUNCIL-10-A8E64F31,KHH-COUNCIL-10,吳昱鋒,DPP,高雄市
DPP-KHH-COUNCIL-10-56C5D711,KHH-COUNCIL-10,黃敬雅,DPP,高雄市
DPP-KHH-COUNCIL-11-BCA4346F,KHH-COUNCIL-11,張耀中,DPP,高雄市
DPP-KHH-COUNCIL-11-C1FA65CC,KHH-COUNCIL-11,洪村銘,DPP,高雄市
DPP-KHH-COUNCIL-12-D2336580,KHH-COUNCIL-12,巫振興,DPP,高雄市
KMT-KHH-COUNCIL-13-598C6552,KHH-COUNCIL-13,葛姵瑩,KMT,高雄市
KMT-KHH-COUNCIL-14-4EF9D4AA,KHH-COUNCIL-14,洪英雄,KMT,高雄市
KMT-KHH-COUNCIL-15-D2462163,KHH-COUNCIL-15,陳奕蓁,KMT,高雄市
DPP-KHH-COUNCIL-2-81ED33D1,KHH-COUNCIL-2,陳琳潔,DPP,高雄市
IND-KHH-COUNCIL-3-C674756B,KHH-COUNCIL-3,薛兆基,IND,高雄市
DPP-KHH-COUNCIL-3-FFB0A967,KHH-COUNCIL-3,蔡秉璁,DPP,高雄市
KMT-KHH-COUNCIL-3-18BCE72A,KHH-COUNCIL-3,黃韻涵,KMT,高雄市
OBA-KHH-COUNCIL-4-4F1E2F40,KHH-COUNCIL-4,于仙玲,OBA,高雄市
DPP-KHH-COUNCIL-4-25DA60BF,KHH-COUNCIL-4,張以理,DPP,高雄市
DPP-KHH-COUNCIL-4-7FA72AF0,KHH-COUNCIL-4,尹立,DPP,高雄市
KMT-KHH-COUNCIL-5-E9DCCDA6,KHH-COUNCIL-5,陳若翠,KMT,高雄市
KMT-KHH-COUNCIL-7-7CDF9544,KHH-COUNCIL-7,童燕珍,KMT,高雄市
KMT-KHH-COUNCIL-8-8690CF66,KHH-COUNCIL-8,黃裕庭,KMT,高雄市
DPP-KHH-COUNCIL-9-65BCEA8F,KHH-COUNCIL-9,鄧巧佩,DPP,高雄市
DPP-KHH-COUNCIL-9-F3BB0F13,KHH-COUNCIL-9,蘇致榮,DPP,高雄市
