code,contestId,name,partyId,ballotNo,status
TPE-COUNCIL-1-KMT-01,TPE-COUNCIL-1,汪志冰,KMT,,REGISTERED
TPE-COUNCIL-1-KMT-02,TPE-COUNCIL-1,張斯綱,KMT,,REGISTERED
TPE-COUNCIL-1-KMT-03,TPE-COUNCIL-1,林杏兒,KMT,,REGISTERED
TPE-COUNCIL-1-KMT-04,TPE-COUNCIL-1,賴苡任,KMT,,REGISTERED
TPE-COUNCIL-1-KMT-05,TPE-COUNCIL-1,林揚庭,KMT,,REGISTERED
TPE-COUNCIL-2-KMT-01,TPE-COUNCIL-2,吳世正,KMT,,REGISTERED
TPE-COUNCIL-2-KMT-02,TPE-COUNCIL-2,闕枚莎,KMT,,REGISTERED
TPE-COUNCIL-2-KMT-03,TPE-COUNCIL-2,游淑慧,KMT,,REGISTERED
TPE-COUNCIL-2-KMT-04,TPE-COUNCIL-2,李明賢,KMT,,REGISTERED
TPE-COUNCIL-2-KMT-05,TPE-COUNCIL-2,陳冠安,KMT,,REGISTERED
TPE-COUNCIL-3-KMT-01,TPE-COUNCIL-3,秦慧珠,KMT,,REGISTERED
TPE-COUNCIL-3-KMT-02,TPE-COUNCIL-3,戴錫欽,KMT,,REGISTERED
TPE-COUNCIL-3-KMT-03,TPE-COUNCIL-3,詹為元,KMT,,REGISTERED
TPE-COUNCIL-3-KMT-04,TPE-COUNCIL-3,李明璇,KMT,,REGISTERED
TPE-COUNCIL-3-KMT-05,TPE-COUNCIL-3,許原榮,KMT,,REGISTERED
TPE-COUNCIL-4-KMT-01,TPE-COUNCIL-4,葉林傳,KMT,,REGISTERED
TPE-COUNCIL-4-KMT-02,TPE-COUNCIL-4,陳炳甫,KMT,,REGISTERED
TPE-COUNCIL-4-KMT-03,TPE-COUNCIL-4,柳采葳,KMT,,REGISTERED
TPE-COUNCIL-4-KMT-04,TPE-COUNCIL-4,李易儒,KMT,,REGISTERED
TPE-COUNCIL-5-KMT-01,TPE-COUNCIL-5,吳志剛,KMT,,REGISTERED
TPE-COUNCIL-5-KMT-02,TPE-COUNCIL-5,鍾小平,KMT,,REGISTERED
TPE-COUNCIL-5-KMT-03,TPE-COUNCIL-5,郭昭巖,KMT,,REGISTERED
TPE-COUNCIL-5-KMT-04,TPE-COUNCIL-5,張延廷,KMT,,REGISTERED
TPE-COUNCIL-6-KMT-01,TPE-COUNCIL-6,陳錦祥,KMT,,REGISTERED
TPE-COUNCIL-6-KMT-02,TPE-COUNCIL-6,王欣儀,KMT,,REGISTERED
TPE-COUNCIL-6-KMT-03,TPE-COUNCIL-6,徐弘庭,KMT,,REGISTERED
TPE-COUNCIL-6-KMT-04,TPE-COUNCIL-6,鍾沛君,KMT,,REGISTERED
TPE-COUNCIL-6-KMT-05,TPE-COUNCIL-6,耿葳,KMT,,REGISTERED
TPE-COUNCIL-6-KMT-06,TPE-COUNCIL-6,李柏毅,KMT,,REGISTERED
TPE-COUNCIL-6-KMT-07,TPE-COUNCIL-6,楊植斗,KMT,,REGISTERED
TPE-COUNCIL-6-KMT-08,TPE-COUNCIL-6,曾獻瑩,KMT,,REGISTERED
TPE-COUNCIL-7-KMT-01,TPE-COUNCIL-7,李芳儒,KMT,,REGISTERED
TPE-COUNCIL-8-KMT-01,TPE-COUNCIL-8,李傅鈺婷,KMT,,REGISTERED
NTP-COUNCIL-1-KMT-01,NTP-COUNCIL-1,陳偉杰,KMT,,REGISTERED
NTP-COUNCIL-1-KMT-02,NTP-COUNCIL-1,陳家琪,KMT,,REGISTERED
NTP-COUNCIL-1-KMT-03,NTP-COUNCIL-1,呂鈞鴻,KMT,,REGISTERED
NTP-COUNCIL-2-KMT-01,NTP-COUNCIL-2,蔡淑君,KMT,,REGISTERED
NTP-COUNCIL-2-KMT-02,NTP-COUNCIL-2,陳明義,KMT,,REGISTERED
NTP-COUNCIL-2-KMT-03,NTP-COUNCIL-2,蔡佩呈,KMT,,REGISTERED
NTP-COUNCIL-2-KMT-04,NTP-COUNCIL-2,鄭丞宏,KMT,,REGISTERED
NTP-COUNCIL-3-KMT-01,NTP-COUNCIL-3,蔣根煌,KMT,,REGISTERED
NTP-COUNCIL-3-KMT-02,NTP-COUNCIL-3,蔡健棠,KMT,,REGISTERED
NTP-COUNCIL-3-KMT-03,NTP-COUNCIL-3,王珮宇,KMT,,REGISTERED
NTP-COUNCIL-4-KMT-01,NTP-COUNCIL-4,黃桂蘭,KMT,,REGISTERED
NTP-COUNCIL-4-KMT-02,NTP-COUNCIL-4,王威元,KMT,,REGISTERED
NTP-COUNCIL-4-KMT-03,NTP-COUNCIL-4,蔡政呈,KMT,,REGISTERED
NTP-COUNCIL-5-KMT-01,NTP-COUNCIL-5,林國春,KMT,,REGISTERED
NTP-COUNCIL-5-KMT-02,NTP-COUNCIL-5,曾煥嘉,KMT,,REGISTERED
NTP-COUNCIL-5-KMT-03,NTP-COUNCIL-5,劉美芳,KMT,,REGISTERED
NTP-COUNCIL-5-KMT-04,NTP-COUNCIL-5,周韋翰,KMT,,REGISTERED
NTP-COUNCIL-5-KMT-05,NTP-COUNCIL-5,鄧凱勛,KMT,,REGISTERED
NTP-COUNCIL-6-KMT-01,NTP-COUNCIL-6,陳錦錠,KMT,,REGISTERED
NTP-COUNCIL-6-KMT-02,NTP-COUNCIL-6,邱烽堯,KMT,,REGISTERED
NTP-COUNCIL-6-KMT-03,NTP-COUNCIL-6,游輝宂,KMT,,REGISTERED
NTP-COUNCIL-6-KMT-04,NTP-COUNCIL-6,金瑞龍,KMT,,REGISTERED
NTP-COUNCIL-7-KMT-01,NTP-COUNCIL-7,陳鴻源,KMT,,REGISTERED
NTP-COUNCIL-7-KMT-02,NTP-COUNCIL-7,陳以樂,KMT,,REGISTERED
NTP-COUNCIL-8-KMT-01,NTP-COUNCIL-8,洪佳君,KMT,,REGISTERED
NTP-COUNCIL-8-KMT-02,NTP-COUNCIL-8,林金結,KMT,,REGISTERED
NTP-COUNCIL-8-KMT-03,NTP-COUNCIL-8,黃永昌,KMT,,REGISTERED
NTP-COUNCIL-8-KMT-04,NTP-COUNCIL-8,呂家愷,KMT,,REGISTERED
NTP-COUNCIL-9-KMT-01,NTP-COUNCIL-9,陳儀君,KMT,,REGISTERED
NTP-COUNCIL-9-KMT-02,NTP-COUNCIL-9,劉哲彰,KMT,,REGISTERED
NTP-COUNCIL-9-KMT-03,NTP-COUNCIL-9,黃心華,KMT,,REGISTERED
NTP-COUNCIL-9-KMT-04,NTP-COUNCIL-9,游皓麟,KMT,,REGISTERED
NTP-COUNCIL-10-KMT-01,NTP-COUNCIL-10,林正峰,KMT,,REGISTERED
NTP-COUNCIL-11-KMT-01,NTP-COUNCIL-11,白佩茹,KMT,,REGISTERED
NTP-COUNCIL-11-KMT-02,NTP-COUNCIL-11,何元楷,KMT,,REGISTERED
NTP-COUNCIL-12-KMT-01,NTP-COUNCIL-12,楊春妹,KMT,,REGISTERED
NTP-COUNCIL-12-KMT-02,NTP-COUNCIL-12,吳國譽La．ls．Amid,KMT,,REGISTERED
NTP-COUNCIL-13-KMT-01,NTP-COUNCIL-13,何應明,KMT,,REGISTERED
TAO-COUNCIL-1-KMT-01,TAO-COUNCIL-1,黃婉如,KMT,,REGISTERED
TAO-COUNCIL-1-KMT-02,TAO-COUNCIL-1,林政賢,KMT,,REGISTERED
TAO-COUNCIL-1-KMT-03,TAO-COUNCIL-1,陳美梅,KMT,,REGISTERED
TAO-COUNCIL-1-KMT-04,TAO-COUNCIL-1,凌濤,KMT,,REGISTERED
TAO-COUNCIL-1-KMT-05,TAO-COUNCIL-1,張碩芳,KMT,,REGISTERED
TAO-COUNCIL-2-KMT-01,TAO-COUNCIL-2,高華駿,KMT,,REGISTERED
TAO-COUNCIL-2-KMT-02,TAO-COUNCIL-2,林明義,KMT,,REGISTERED
TAO-COUNCIL-2-KMT-03,TAO-COUNCIL-2,江冠妤,KMT,,REGISTERED
TAO-COUNCIL-3-KMT-01,TAO-COUNCIL-3,楊朝偉,KMT,,REGISTERED
TAO-COUNCIL-3-KMT-02,TAO-COUNCIL-3,朱珍瑤,KMT,,REGISTERED
TAO-COUNCIL-3-KMT-03,TAO-COUNCIL-3,劉茂羣,KMT,,REGISTERED
TAO-COUNCIL-4-KMT-01,TAO-COUNCIL-4,張桂綿,KMT,,REGISTERED
TAO-COUNCIL-4-KMT-02,TAO-COUNCIL-4,錢龍,KMT,,REGISTERED
TAO-COUNCIL-5-KMT-01,TAO-COUNCIL-5,徐其萬,KMT,,REGISTERED
TAO-COUNCIL-6-KMT-01,TAO-COUNCIL-6,李柏坊,KMT,,REGISTERED
TAO-COUNCIL-7-KMT-01,TAO-COUNCIL-7,邱奕勝,KMT,,REGISTERED
TAO-COUNCIL-7-KMT-02,TAO-COUNCIL-7,葉明月,KMT,,REGISTERED
TAO-COUNCIL-7-KMT-03,TAO-COUNCIL-7,梁為超,KMT,,REGISTERED
TAO-COUNCIL-7-KMT-04,TAO-COUNCIL-7,劉安祺,KMT,,REGISTERED
TAO-COUNCIL-7-KMT-05,TAO-COUNCIL-7,吳睿霖,KMT,,REGISTERED
TAO-COUNCIL-7-KMT-06,TAO-COUNCIL-7,彭康傑,KMT,,REGISTERED
TAO-COUNCIL-8-KMT-01,TAO-COUNCIL-8,舒翠玲,KMT,,REGISTERED
TAO-COUNCIL-8-KMT-02,TAO-COUNCIL-8,黃敬平,KMT,,REGISTERED
TAO-COUNCIL-8-KMT-03,TAO-COUNCIL-8,陳韋曄,KMT,,REGISTERED
TAO-COUNCIL-8-KMT-04,TAO-COUNCIL-8,彭柏霖,KMT,,REGISTERED
TAO-COUNCIL-9-KMT-01,TAO-COUNCIL-9,周玉琴,KMT,,REGISTERED
TAO-COUNCIL-9-KMT-02,TAO-COUNCIL-9,古振豐,KMT,,REGISTERED
TAO-COUNCIL-10-KMT-01,TAO-COUNCIL-10,徐玉樹,KMT,,REGISTERED
TAO-COUNCIL-10-KMT-02,TAO-COUNCIL-10,劉熒隆,KMT,,REGISTERED
TAO-COUNCIL-12-KMT-01,TAO-COUNCIL-12,吳進昌,KMT,,REGISTERED
TAO-COUNCIL-13-KMT-01,TAO-COUNCIL-13,王仙蓮,KMT,,REGISTERED
TAO-COUNCIL-13-KMT-02,TAO-COUNCIL-13,陳卉蓁,KMT,,REGISTERED
TAO-COUNCIL-14-KMT-01,TAO-COUNCIL-14,簡志偉,KMT,,REGISTERED
TAO-COUNCIL-14-KMT-02,TAO-COUNCIL-14,陳瑛,KMT,,REGISTERED
TAO-COUNCIL-14-KMT-03,TAO-COUNCIL-14,張倉豪,KMT,,REGISTERED
TXG-COUNCIL-1-KMT-01,TXG-COUNCIL-1,李文傑,KMT,,REGISTERED
TXG-COUNCIL-1-KMT-02,TXG-COUNCIL-1,楊啟邦,KMT,,REGISTERED
TXG-COUNCIL-2-KMT-01,TXG-COUNCIL-2,張清照,KMT,,REGISTERED
TXG-COUNCIL-2-KMT-02,TXG-COUNCIL-2,顏莉敏,KMT,,REGISTERED
TXG-COUNCIL-3-KMT-01,TXG-COUNCIL-3,吳瓊華,KMT,,REGISTERED
TXG-COUNCIL-3-KMT-02,TXG-COUNCIL-3,林孟令,KMT,,REGISTERED
TXG-COUNCIL-4-KMT-01,TXG-COUNCIL-4,陳本添,KMT,,REGISTERED
TXG-COUNCIL-4-KMT-02,TXG-COUNCIL-4,邱愛珊,KMT,,REGISTERED
TXG-COUNCIL-4-KMT-03,TXG-COUNCIL-4,連佳振,KMT,,REGISTERED
TXG-COUNCIL-5-KMT-01,TXG-COUNCIL-5,賴朝國,KMT,,REGISTERED
TXG-COUNCIL-5-KMT-02,TXG-COUNCIL-5,吳呈賢,KMT,,REGISTERED
TXG-COUNCIL-5-KMT-03,TXG-COUNCIL-5,陳清崧,KMT,,REGISTERED
TXG-COUNCIL-6-KMT-01,TXG-COUNCIL-6,黃馨慧,KMT,,REGISTERED
TXG-COUNCIL-6-KMT-02,TXG-COUNCIL-6,張廖乃綸,KMT,,REGISTERED
TXG-COUNCIL-6-KMT-03,TXG-COUNCIL-6,楊大鋐,KMT,,REGISTERED
TXG-COUNCIL-7-KMT-01,TXG-COUNCIL-7,劉士州,KMT,,REGISTERED
TXG-COUNCIL-7-KMT-02,TXG-COUNCIL-7,朱暖英,KMT,,REGISTERED
TXG-COUNCIL-8-KMT-01,TXG-COUNCIL-8,沈佑蓮,KMT,,REGISTERED
TXG-COUNCIL-8-KMT-02,TXG-COUNCIL-8,賴順仁,KMT,,REGISTERED
TXG-COUNCIL-8-KMT-03,TXG-COUNCIL-8,吳宗學,KMT,,REGISTERED
TXG-COUNCIL-8-KMT-04,TXG-COUNCIL-8,許育璿,KMT,,REGISTERED
TXG-COUNCIL-9-KMT-01,TXG-COUNCIL-9,陳政顯,KMT,,REGISTERED
TXG-COUNCIL-9-KMT-02,TXG-COUNCIL-9,陳文政,KMT,,REGISTERED
TXG-COUNCIL-10-KMT-01,TXG-COUNCIL-10,張彥彤,KMT,,REGISTERED
TXG-COUNCIL-11-KMT-01,TXG-COUNCIL-11,李中,KMT,,REGISTERED
TXG-COUNCIL-11-KMT-02,TXG-COUNCIL-11,林霈涵,KMT,,REGISTERED
TXG-COUNCIL-12-KMT-01,TXG-COUNCIL-12,賴義鍠,KMT,,REGISTERED
TXG-COUNCIL-12-KMT-02,TXG-COUNCIL-12,黃佳恬,KMT,,REGISTERED
TXG-COUNCIL-13-KMT-01,TXG-COUNCIL-13,蘇柏興,KMT,,REGISTERED
TXG-COUNCIL-13-KMT-02,TXG-COUNCIL-13,林碧秀,KMT,,REGISTERED
TXG-COUNCIL-14-KMT-01,TXG-COUNCIL-14,吳振嘉,KMT,,REGISTERED
TXG-COUNCIL-15-KMT-01,TXG-COUNCIL-15,吳建德,KMT,,REGISTERED
TXG-COUNCIL-16-KMT-01,TXG-COUNCIL-16,古秀英,KMT,,REGISTERED
TXG-COUNCIL-17-KMT-01,TXG-COUNCIL-17,朱元宏,KMT,,REGISTERED
TNN-COUNCIL-1-KMT-01,TNN-COUNCIL-1,蔡育輝,KMT,,REGISTERED
TNN-COUNCIL-2-KMT-01,TNN-COUNCIL-2,方一峰,KMT,,REGISTERED
TNN-COUNCIL-3-KMT-01,TNN-COUNCIL-3,尤淨寬,KMT,,REGISTERED
TNN-COUNCIL-5-KMT-01,TNN-COUNCIL-5,李佳蓉,KMT,,REGISTERED
TNN-COUNCIL-5-KMT-02,TNN-COUNCIL-5,廖俊道,KMT,,REGISTERED
TNN-COUNCIL-6-KMT-01,TNN-COUNCIL-6,李中岑,KMT,,REGISTERED
TNN-COUNCIL-6-KMT-02,TNN-COUNCIL-6,姚正玉,KMT,,REGISTERED
TNN-COUNCIL-7-KMT-01,TNN-COUNCIL-7,林燕祝,KMT,,REGISTERED
TNN-COUNCIL-7-KMT-02,TNN-COUNCIL-7,卞宗康,KMT,,REGISTERED
TNN-COUNCIL-7-KMT-03,TNN-COUNCIL-7,周宏昌,KMT,,REGISTERED
TNN-COUNCIL-7-KMT-04,TNN-COUNCIL-7,李秉倫,KMT,,REGISTERED
TNN-COUNCIL-8-KMT-01,TNN-COUNCIL-8,許至椿,KMT,,REGISTERED
TNN-COUNCIL-8-KMT-02,TNN-COUNCIL-8,蔡宗豪,KMT,,REGISTERED
TNN-COUNCIL-8-KMT-03,TNN-COUNCIL-8,童小芸,KMT,,REGISTERED
TNN-COUNCIL-9-KMT-01,TNN-COUNCIL-9,盧崑福,KMT,,REGISTERED
TNN-COUNCIL-9-KMT-02,TNN-COUNCIL-9,葉瀚勳,KMT,,REGISTERED
TNN-COUNCIL-9-KMT-03,TNN-COUNCIL-9,陳冠諭,KMT,,REGISTERED
TNN-COUNCIL-10-KMT-01,TNN-COUNCIL-10,王家貞,KMT,,REGISTERED
TNN-COUNCIL-10-KMT-02,TNN-COUNCIL-10,歐政豪,KMT,,REGISTERED
TNN-COUNCIL-11-KMT-01,TNN-COUNCIL-11,翁語含,KMT,,REGISTERED
TNN-COUNCIL-13-KMT-01,TNN-COUNCIL-13,辛晴晴,KMT,,REGISTERED
KHH-COUNCIL-1-KMT-01,KHH-COUNCIL-1,林義迪,KMT,,REGISTERED
KHH-COUNCIL-1-KMT-02,KHH-COUNCIL-1,李振豪,KMT,,REGISTERED
KHH-COUNCIL-2-KMT-01,KHH-COUNCIL-2,李亞築,KMT,,REGISTERED
KHH-COUNCIL-3-KMT-01,KHH-COUNCIL-3,方信淵,KMT,,REGISTERED
KHH-COUNCIL-3-KMT-02,KHH-COUNCIL-3,宋立彬,KMT,,REGISTERED
KHH-COUNCIL-3-KMT-03,KHH-COUNCIL-3,黃韻涵,KMT,,REGISTERED
KHH-COUNCIL-4-KMT-01,KHH-COUNCIL-4,陳麗珍,KMT,,REGISTERED
KHH-COUNCIL-4-KMT-02,KHH-COUNCIL-4,陳玫娟,KMT,,REGISTERED
KHH-COUNCIL-4-KMT-03,KHH-COUNCIL-4,李眉蓁,KMT,,REGISTERED
KHH-COUNCIL-4-KMT-04,KHH-COUNCIL-4,李雅芬,KMT,,REGISTERED
KHH-COUNCIL-4-KMT-05,KHH-COUNCIL-4,白喬茵,KMT,,REGISTERED
KHH-COUNCIL-5-KMT-01,KHH-COUNCIL-5,吳利成,KMT,,REGISTERED
KHH-COUNCIL-5-KMT-02,KHH-COUNCIL-5,陳若翠,KMT,,REGISTERED
KHH-COUNCIL-6-KMT-01,KHH-COUNCIL-6,陳美雅,KMT,,REGISTERED
KHH-COUNCIL-6-KMT-02,KHH-COUNCIL-6,蔡金晏,KMT,,REGISTERED
KHH-COUNCIL-7-KMT-01,KHH-COUNCIL-7,黃柏霖,KMT,,REGISTERED
KHH-COUNCIL-7-KMT-02,KHH-COUNCIL-7,黃香菽,KMT,,REGISTERED
KHH-COUNCIL-7-KMT-03,KHH-COUNCIL-7,童燕珍,KMT,,REGISTERED
KHH-COUNCIL-8-KMT-01,KHH-COUNCIL-8,許采蓁,KMT,,REGISTERED
KHH-COUNCIL-8-KMT-02,KHH-COUNCIL-8,黃裕庭,KMT,,REGISTERED
KHH-COUNCIL-9-KMT-01,KHH-COUNCIL-9,劉德林,KMT,,REGISTERED
KHH-COUNCIL-9-KMT-02,KHH-COUNCIL-9,李雅靜,KMT,,REGISTERED
KHH-COUNCIL-9-KMT-03,KHH-COUNCIL-9,鍾易仲,KMT,,REGISTERED
KHH-COUNCIL-9-KMT-04,KHH-COUNCIL-9,鄭安秝,KMT,,REGISTERED
KHH-COUNCIL-10-KMT-01,KHH-COUNCIL-10,陳麗娜,KMT,,REGISTERED
KHH-COUNCIL-10-KMT-02,KHH-COUNCIL-10,蔡武宏,KMT,,REGISTERED
KHH-COUNCIL-11-KMT-01,KHH-COUNCIL-11,黃天煌,KMT,,REGISTERED
KHH-COUNCIL-11-KMT-02,KHH-COUNCIL-11,王耀裕,KMT,,REGISTERED
KHH-COUNCIL-11-KMT-03,KHH-COUNCIL-11,邱于軒,KMT,,REGISTERED
KHH-COUNCIL-13-KMT-01,KHH-COUNCIL-13,葛姵瑩,KMT,,REGISTERED
KHH-COUNCIL-14-KMT-01,KHH-COUNCIL-14,洪英雄,KMT,,REGISTERED
KHH-COUNCIL-15-KMT-01,KHH-COUNCIL-15,陳奕蓁,KMT,,REGISTERED
HSQ-COUNCIL-1-KMT-01,HSQ-COUNCIL-1,陳凱榮,KMT,,REGISTERED
HSQ-COUNCIL-1-KMT-02,HSQ-COUNCIL-1,王炳漢,KMT,,REGISTERED
HSQ-COUNCIL-2-KMT-01,HSQ-COUNCIL-2,蔡志環,KMT,,REGISTERED
HSQ-COUNCIL-2-KMT-02,HSQ-COUNCIL-2,杜文中,KMT,,REGISTERED
HSQ-COUNCIL-2-KMT-03,HSQ-COUNCIL-2,戴佩如,KMT,,REGISTERED
HSQ-COUNCIL-3-KMT-01,HSQ-COUNCIL-3,吳菊花,KMT,,REGISTERED
HSQ-COUNCIL-3-KMT-02,HSQ-COUNCIL-3,陳栢誠,KMT,,REGISTERED
HSQ-COUNCIL-3-KMT-03,HSQ-COUNCIL-3,甄克堅,KMT,,REGISTERED
HSQ-COUNCIL-4-KMT-01,HSQ-COUNCIL-4,張以聖,KMT,,REGISTERED
HSQ-COUNCIL-5-KMT-01,HSQ-COUNCIL-5,羅仕琦,KMT,,REGISTERED
HSQ-COUNCIL-5-KMT-02,HSQ-COUNCIL-5,徐瑜新,KMT,,REGISTERED
HSQ-COUNCIL-6-KMT-01,HSQ-COUNCIL-6,黃路加,KMT,,REGISTERED
HSQ-COUNCIL-7-KMT-01,HSQ-COUNCIL-7,張良印,KMT,,REGISTERED
HSQ-COUNCIL-8-KMT-01,HSQ-COUNCIL-8,黃正彪,KMT,,REGISTERED
HSQ-COUNCIL-9-KMT-01,HSQ-COUNCIL-9,上官秋燕,KMT,,REGISTERED
HSQ-COUNCIL-9-KMT-02,HSQ-COUNCIL-9,黃豪杰,KMT,,REGISTERED
HSQ-COUNCIL-9-KMT-03,HSQ-COUNCIL-9,彭余美玲,KMT,,REGISTERED
HSQ-COUNCIL-9-KMT-04,HSQ-COUNCIL-9,羅俊傑,KMT,,REGISTERED
HSQ-COUNCIL-10-KMT-01,HSQ-COUNCIL-10,邱坤桶,KMT,,REGISTERED
HSQ-COUNCIL-11-KMT-01,HSQ-COUNCIL-11,王辰翔,KMT,,REGISTERED
HSQ-COUNCIL-12-KMT-01,HSQ-COUNCIL-12,確定提名,KMT,,REGISTERED
HSQ-COUNCIL-13-KMT-01,HSQ-COUNCIL-13,曾國大,KMT,,REGISTERED
CHA-COUNCIL-1-KMT-01,CHA-COUNCIL-1,許原龍,KMT,,REGISTERED
CHA-COUNCIL-1-KMT-02,CHA-COUNCIL-1,白玉如,KMT,,REGISTERED
CHA-COUNCIL-1-KMT-03,CHA-COUNCIL-1,黃千宴,KMT,,REGISTERED
CHA-COUNCIL-1-KMT-04,CHA-COUNCIL-1,温芝樺,KMT,,REGISTERED
CHA-COUNCIL-1-KMT-05,CHA-COUNCIL-1,顧勝敏,KMT,,REGISTERED
CHA-COUNCIL-2-KMT-01,CHA-COUNCIL-2,徐淑媚,KMT,,REGISTERED
CHA-COUNCIL-2-KMT-02,CHA-COUNCIL-2,楊竣程,KMT,,REGISTERED
CHA-COUNCIL-2-KMT-03,CHA-COUNCIL-2,許志宏,KMT,,REGISTERED
CHA-COUNCIL-2-KMT-04,CHA-COUNCIL-2,王信筌,KMT,,REGISTERED
CHA-COUNCIL-3-KMT-01,CHA-COUNCIL-3,柯振杯,KMT,,REGISTERED
CHA-COUNCIL-3-KMT-02,CHA-COUNCIL-3,林小琪,KMT,,REGISTERED
CHA-COUNCIL-3-KMT-03,CHA-COUNCIL-3,鍾雅茹,KMT,,REGISTERED
CHA-COUNCIL-4-KMT-01,CHA-COUNCIL-4,黃正盛,KMT,,REGISTERED
CHA-COUNCIL-4-KMT-02,CHA-COUNCIL-4,曹嘉豪,KMT,,REGISTERED
CHA-COUNCIL-4-KMT-03,CHA-COUNCIL-4,游筑凱,KMT,,REGISTERED
CHA-COUNCIL-4-KMT-04,CHA-COUNCIL-4,張詠勝,KMT,,REGISTERED
CHA-COUNCIL-4-KMT-05,CHA-COUNCIL-4,張愉婕,KMT,,REGISTERED
CHA-COUNCIL-5-KMT-01,CHA-COUNCIL-5,陳玉姬,KMT,,REGISTERED
CHA-COUNCIL-5-KMT-02,CHA-COUNCIL-5,黃佳惠,KMT,,REGISTERED
CHA-COUNCIL-6-KMT-01,CHA-COUNCIL-6,鄭俊雄,KMT,,REGISTERED
CHA-COUNCIL-6-KMT-02,CHA-COUNCIL-6,蕭妤亘,KMT,,REGISTERED
CHA-COUNCIL-6-KMT-03,CHA-COUNCIL-6,蕭岳倫,KMT,,REGISTERED
CHA-COUNCIL-6-KMT-04,CHA-COUNCIL-6,彭世和,KMT,,REGISTERED
CHA-COUNCIL-7-KMT-01,CHA-COUNCIL-7,劉淑芳,KMT,,REGISTERED
CHA-COUNCIL-7-KMT-02,CHA-COUNCIL-7,謝典霖,KMT,,REGISTERED
CHA-COUNCIL-7-KMT-03,CHA-COUNCIL-7,李浩誠,KMT,,REGISTERED
CHA-COUNCIL-8-KMT-01,CHA-COUNCIL-8,張國棟,KMT,,REGISTERED
CHA-COUNCIL-8-KMT-02,CHA-COUNCIL-8,曾温泉,KMT,,REGISTERED
CHA-COUNCIL-9-KMT-01,CHA-COUNCIL-9,陳榮妹,KMT,,REGISTERED
CHA-COUNCIL-10-KMT-01,CHA-COUNCIL-10,張瑋婷,KMT,,REGISTERED
CHA-COUNCIL-10-KMT-02,CHA-COUNCIL-10,金凱傑,KMT,,REGISTERED
CHA-COUNCIL-10-KMT-03,CHA-COUNCIL-10,吳秋祿,KMT,,REGISTERED
NAN-COUNCIL-1-KMT-01,NAN-COUNCIL-1,宋懷琳,KMT,,REGISTERED
NAN-COUNCIL-1-KMT-02,NAN-COUNCIL-1,林憶如,KMT,,REGISTERED
NAN-COUNCIL-1-KMT-03,NAN-COUNCIL-1,林儒暘,KMT,,REGISTERED
NAN-COUNCIL-2-KMT-01,NAN-COUNCIL-2,李洲忠,KMT,,REGISTERED
NAN-COUNCIL-2-KMT-02,NAN-COUNCIL-2,林昆熠,KMT,,REGISTERED
NAN-COUNCIL-3-KMT-01,NAN-COUNCIL-3,陳淑惠,KMT,,REGISTERED
NAN-COUNCIL-3-KMT-02,NAN-COUNCIL-3,謝明媒,KMT,,REGISTERED
NAN-COUNCIL-3-KMT-03,NAN-COUNCIL-3,黃春麟,KMT,,REGISTERED
NAN-COUNCIL-5-KMT-01,NAN-COUNCIL-5,林芳伃,KMT,,REGISTERED
NAN-COUNCIL-5-KMT-02,NAN-COUNCIL-5,羅俞欣,KMT,,REGISTERED
NAN-COUNCIL-7-KMT-01,NAN-COUNCIL-7,全文才,KMT,,REGISTERED
NAN-COUNCIL-8-KMT-01,NAN-COUNCIL-8,林庭秝,KMT,,REGISTERED
YUN-COUNCIL-1-KMT-01,YUN-COUNCIL-1,黃勝志,KMT,,REGISTERED
YUN-COUNCIL-1-KMT-02,YUN-COUNCIL-1,陳永修,KMT,,REGISTERED
YUN-COUNCIL-1-KMT-03,YUN-COUNCIL-1,陳芳盈,KMT,,REGISTERED
YUN-COUNCIL-2-KMT-01,YUN-COUNCIL-2,王秋足,KMT,,REGISTERED
YUN-COUNCIL-4-KMT-01,YUN-COUNCIL-4,李明哲,KMT,,REGISTERED
YUN-COUNCIL-4-KMT-02,YUN-COUNCIL-4,廖偉晴,KMT,,REGISTERED
YUN-COUNCIL-4-KMT-03,YUN-COUNCIL-4,鍾任明,KMT,,REGISTERED
YUN-COUNCIL-5-KMT-01,YUN-COUNCIL-5,林建鴻,KMT,,REGISTERED
YUN-COUNCIL-7-KMT-01,YUN-COUNCIL-7,呂佶娜,KMT,,REGISTERED
CYQ-COUNCIL-1-KMT-01,CYQ-COUNCIL-1,王啓澧,KMT,,REGISTERED
CYQ-COUNCIL-1-KMT-02,CYQ-COUNCIL-1,詹琬蓁,KMT,,REGISTERED
CYQ-COUNCIL-2-KMT-01,CYQ-COUNCIL-2,簡嘉憶,KMT,,REGISTERED
CYQ-COUNCIL-3-KMT-01,CYQ-COUNCIL-3,吳思蓉,KMT,,REGISTERED
CYQ-COUNCIL-3-KMT-02,CYQ-COUNCIL-3,陳靖雅,KMT,,REGISTERED
CYQ-COUNCIL-4-KMT-01,CYQ-COUNCIL-4,李佳豪,KMT,,REGISTERED
CYQ-COUNCIL-5-KMT-01,CYQ-COUNCIL-5,蔡信典,KMT,,REGISTERED
CYQ-COUNCIL-6-KMT-01,CYQ-COUNCIL-6,詹黃素蓮,KMT,,REGISTERED
PIF-COUNCIL-1-KMT-01,PIF-COUNCIL-1,黃明賢,KMT,,REGISTERED
PIF-COUNCIL-1-KMT-02,PIF-COUNCIL-1,陳揚,KMT,,REGISTERED
PIF-COUNCIL-1-KMT-03,PIF-COUNCIL-1,蘇資婷,KMT,,REGISTERED
PIF-COUNCIL-1-KMT-04,PIF-COUNCIL-1,方華雄,KMT,,REGISTERED
PIF-COUNCIL-1-KMT-05,PIF-COUNCIL-1,任峻賢,KMT,,REGISTERED
PIF-COUNCIL-1-KMT-06,PIF-COUNCIL-1,陳哲蕙,KMT,,REGISTERED
PIF-COUNCIL-2-KMT-01,PIF-COUNCIL-2,宋麗華,KMT,,REGISTERED
PIF-COUNCIL-2-KMT-02,PIF-COUNCIL-2,盧文瑞,KMT,,REGISTERED
PIF-COUNCIL-2-KMT-03,PIF-COUNCIL-2,王景山,KMT,,REGISTERED
PIF-COUNCIL-3-KMT-01,PIF-COUNCIL-3,徐榮耀,KMT,,REGISTERED
PIF-COUNCIL-3-KMT-02,PIF-COUNCIL-3,許馨勻,KMT,,REGISTERED
PIF-COUNCIL-3-KMT-03,PIF-COUNCIL-3,吳慈慧,KMT,,REGISTERED
PIF-COUNCIL-3-KMT-04,PIF-COUNCIL-3,李世淦,KMT,,REGISTERED
PIF-COUNCIL-4-KMT-01,PIF-COUNCIL-4,周芸均,KMT,,REGISTERED
PIF-COUNCIL-4-KMT-02,PIF-COUNCIL-4,胡嘉玲,KMT,,REGISTERED
PIF-COUNCIL-5-KMT-01,PIF-COUNCIL-5,陳靜芳,KMT,,REGISTERED
PIF-COUNCIL-6-KMT-01,PIF-COUNCIL-6,張榮志,KMT,,REGISTERED
PIF-COUNCIL-8-KMT-01,PIF-COUNCIL-8,潘翠雲,KMT,,REGISTERED
PIF-COUNCIL-10-KMT-01,PIF-COUNCIL-10,高惠芬,KMT,,REGISTERED
PIF-COUNCIL-11-KMT-01,PIF-COUNCIL-11,邱登星,KMT,,REGISTERED
PIF-COUNCIL-15-KMT-01,PIF-COUNCIL-15,許金吉,KMT,,REGISTERED
ILA-COUNCIL-1-KMT-01,ILA-COUNCIL-1,張勝德,KMT,,REGISTERED
ILA-COUNCIL-1-KMT-02,ILA-COUNCIL-1,林岳賢,KMT,,REGISTERED
ILA-COUNCIL-1-KMT-03,ILA-COUNCIL-1,莊淑如,KMT,,REGISTERED
ILA-COUNCIL-2-KMT-01,ILA-COUNCIL-2,賴良洲,KMT,,REGISTERED
ILA-COUNCIL-3-KMT-01,ILA-COUNCIL-3,張永德,KMT,,REGISTERED
ILA-COUNCIL-4-KMT-01,ILA-COUNCIL-4,黃浴沂,KMT,,REGISTERED
ILA-COUNCIL-5-KMT-01,ILA-COUNCIL-5,黃建勇,KMT,,REGISTERED
ILA-COUNCIL-6-KMT-01,ILA-COUNCIL-6,黃琤婷,KMT,,REGISTERED
ILA-COUNCIL-6-KMT-02,ILA-COUNCIL-6,陳漢鍾,KMT,,REGISTERED
ILA-COUNCIL-7-KMT-01,ILA-COUNCIL-7,林義剛,KMT,,REGISTERED
ILA-COUNCIL-8-KMT-01,ILA-COUNCIL-8,楊弘旻,KMT,,REGISTERED
ILA-COUNCIL-9-KMT-01,ILA-COUNCIL-9,曾茂照,KMT,,REGISTERED
ILA-COUNCIL-10-KMT-01,ILA-COUNCIL-10,黃士駿,KMT,,REGISTERED
ILA-COUNCIL-12-KMT-01,ILA-COUNCIL-12,沈志弘,KMT,,REGISTERED
HUA-COUNCIL-1-KMT-01,HUA-COUNCIL-1,韓林梅,KMT,,REGISTERED
HUA-COUNCIL-1-KMT-02,HUA-COUNCIL-1,徐子芳,KMT,,REGISTERED
HUA-COUNCIL-1-KMT-03,HUA-COUNCIL-1,黃達祥,KMT,,REGISTERED
HUA-COUNCIL-2-KMT-01,HUA-COUNCIL-2,邱光明,KMT,,REGISTERED
HUA-COUNCIL-2-KMT-02,HUA-COUNCIL-2,張美華,KMT,,REGISTERED
HUA-COUNCIL-3-KMT-01,HUA-COUNCIL-3,吳建志,KMT,,REGISTERED
HUA-COUNCIL-3-KMT-02,HUA-COUNCIL-3,徐雪玉,KMT,,REGISTERED
HUA-COUNCIL-3-KMT-03,HUA-COUNCIL-3,姜景文,KMT,,REGISTERED
HUA-COUNCIL-3-KMT-04,HUA-COUNCIL-3,蔡文隆,KMT,,REGISTERED
HUA-COUNCIL-5-KMT-01,HUA-COUNCIL-5,李正文,KMT,,REGISTERED
HUA-COUNCIL-5-KMT-02,HUA-COUNCIL-5,陳進德,KMT,,REGISTERED
HUA-COUNCIL-6-KMT-01,HUA-COUNCIL-6,林正福,KMT,,REGISTERED
HUA-COUNCIL-7-KMT-01,HUA-COUNCIL-7,秀吉•撒夫洛,KMT,,REGISTERED
HUA-COUNCIL-9-KMT-01,HUA-COUNCIL-9,陳群,KMT,,REGISTERED
HUA-COUNCIL-10-KMT-01,HUA-COUNCIL-10,金淑敏,KMT,,REGISTERED
TTT-COUNCIL-1-KMT-01,TTT-COUNCIL-1,周達三,KMT,,REGISTERED
TTT-COUNCIL-1-KMT-02,TTT-COUNCIL-1,吳景槐,KMT,,REGISTERED
TTT-COUNCIL-1-KMT-03,TTT-COUNCIL-1,張國洲,KMT,,REGISTERED
TTT-COUNCIL-1-KMT-04,TTT-COUNCIL-1,傅文鵬,KMT,,REGISTERED
TTT-COUNCIL-1-KMT-05,TTT-COUNCIL-1,李哲,KMT,,REGISTERED
TTT-COUNCIL-1-KMT-06,TTT-COUNCIL-1,王春梅,KMT,,REGISTERED
TTT-COUNCIL-1-KMT-07,TTT-COUNCIL-1,饒慶鈺,KMT,,REGISTERED
TTT-COUNCIL-2-KMT-01,TTT-COUNCIL-2,楊招信,KMT,,REGISTERED
TTT-COUNCIL-3-KMT-01,TTT-COUNCIL-3,林東滿,KMT,,REGISTERED
TTT-COUNCIL-5-KMT-01,TTT-COUNCIL-5,翁麗吟,KMT,,REGISTERED
TTT-COUNCIL-6-KMT-01,TTT-COUNCIL-6,謝賢裕,KMT,,REGISTERED
TTT-COUNCIL-7-KMT-01,TTT-COUNCIL-7,林琮翰,KMT,,REGISTERED
TTT-COUNCIL-7-KMT-02,TTT-COUNCIL-7,方賢仁,KMT,,REGISTERED
TTT-COUNCIL-8-KMT-01,TTT-COUNCIL-8,鄭崗山,KMT,,REGISTERED
TTT-COUNCIL-9-KMT-01,TTT-COUNCIL-9,尤忠正,KMT,,REGISTERED
TTT-COUNCIL-11-KMT-01,TTT-COUNCIL-11,楊秋珍,KMT,,REGISTERED
TTT-COUNCIL-12-KMT-01,TTT-COUNCIL-12,邱文俊,KMT,,REGISTERED
TTT-COUNCIL-13-KMT-01,TTT-COUNCIL-13,胡金至,KMT,,REGISTERED
TTT-COUNCIL-14-KMT-01,TTT-COUNCIL-14,確定提名,KMT,,REGISTERED
KEE-COUNCIL-1-KMT-01,KEE-COUNCIL-1,呂美玲,KMT,,REGISTERED
KEE-COUNCIL-1-KMT-02,KEE-COUNCIL-1,藍敏煌,KMT,,REGISTERED
KEE-COUNCIL-1-KMT-03,KEE-COUNCIL-1,林孟泓,KMT,,REGISTERED
KEE-COUNCIL-2-KMT-01,KEE-COUNCIL-2,何淑萍,KMT,,REGISTERED
KEE-COUNCIL-2-KMT-02,KEE-COUNCIL-2,韓世昱,KMT,,REGISTERED
KEE-COUNCIL-3-KMT-01,KEE-COUNCIL-3,曾維祥,KMT,,REGISTERED
KEE-COUNCIL-4-KMT-01,KEE-COUNCIL-4,宋瑋莉,KMT,,REGISTERED
KEE-COUNCIL-4-KMT-02,KEE-COUNCIL-4,郭美秀,KMT,,REGISTERED
KEE-COUNCIL-4-KMT-03,KEE-COUNCIL-4,林佑德,KMT,,REGISTERED
KEE-COUNCIL-5-KMT-01,KEE-COUNCIL-5,秦鉦,KMT,,REGISTERED
KEE-COUNCIL-5-KMT-02,KEE-COUNCIL-5,俞叄發,KMT,,REGISTERED
KEE-COUNCIL-5-KMT-03,KEE-COUNCIL-5,鄭愷玲,KMT,,REGISTERED
KEE-COUNCIL-5-KMT-04,KEE-COUNCIL-5,張家馨,KMT,,REGISTERED
KEE-COUNCIL-6-KMT-01,KEE-COUNCIL-6,連恩典,KMT,,REGISTERED
KEE-COUNCIL-7-KMT-01,KEE-COUNCIL-7,蔡旺璉,KMT,,REGISTERED
HSZ-COUNCIL-1-KMT-01,HSZ-COUNCIL-1,鍾淑英,KMT,,REGISTERED
HSZ-COUNCIL-1-KMT-02,HSZ-COUNCIL-1,張祖琰,KMT,,REGISTERED
HSZ-COUNCIL-1-KMT-03,HSZ-COUNCIL-1,黃婉嫣,KMT,,REGISTERED
HSZ-COUNCIL-1-KMT-04,HSZ-COUNCIL-1,張文興,KMT,,REGISTERED
HSZ-COUNCIL-1-KMT-05,HSZ-COUNCIL-1,陳清智,KMT,,REGISTERED
HSZ-COUNCIL-1-KMT-06,HSZ-COUNCIL-1,黃文政,KMT,,REGISTERED
HSZ-COUNCIL-2-KMT-01,HSZ-COUNCIL-2,許修睿,KMT,,REGISTERED
HSZ-COUNCIL-2-KMT-02,HSZ-COUNCIL-2,徐美惠,KMT,,REGISTERED
HSZ-COUNCIL-3-KMT-01,HSZ-COUNCIL-3,陳思妤,KMT,,REGISTERED
HSZ-COUNCIL-4-KMT-01,HSZ-COUNCIL-4,蕭志潔,KMT,,REGISTERED
HSZ-COUNCIL-4-KMT-02,HSZ-COUNCIL-4,黃美慧,KMT,,REGISTERED
HSZ-COUNCIL-4-KMT-03,HSZ-COUNCIL-4,吳旭豐,KMT,,REGISTERED
HSZ-COUNCIL-4-KMT-04,HSZ-COUNCIL-4,王雲慶,KMT,,REGISTERED
HSZ-COUNCIL-5-KMT-01,HSZ-COUNCIL-5,陳慶齡,KMT,,REGISTERED
HSZ-COUNCIL-5-KMT-02,HSZ-COUNCIL-5,吳若茵,KMT,,REGISTERED
HSZ-COUNCIL-6-KMT-01,HSZ-COUNCIL-6,李雅雯,KMT,,REGISTERED
HSZ-COUNCIL-6-KMT-02,HSZ-COUNCIL-6,林慈愛,KMT,,REGISTERED
HSZ-COUNCIL-7-KMT-01,HSZ-COUNCIL-7,林夏陞,KMT,,REGISTERED
CYI-COUNCIL-1-KMT-01,CYI-COUNCIL-1,張敏琪,KMT,,REGISTERED
CYI-COUNCIL-1-KMT-02,CYI-COUNCIL-1,傅大偉,KMT,,REGISTERED
CYI-COUNCIL-1-KMT-03,CYI-COUNCIL-1,陳家平,KMT,,REGISTERED
CYI-COUNCIL-1-KMT-04,CYI-COUNCIL-1,郭定緯,KMT,,REGISTERED
CYI-COUNCIL-1-KMT-05,CYI-COUNCIL-1,梁樹綸,KMT,,REGISTERED
CYI-COUNCIL-2-KMT-01,CYI-COUNCIL-2,張秀華,KMT,,REGISTERED
CYI-COUNCIL-2-KMT-02,CYI-COUNCIL-2,鄭光宏,KMT,,REGISTERED
CYI-COUNCIL-2-KMT-03,CYI-COUNCIL-2,黃思婷,KMT,,REGISTERED
KIN-COUNCIL-1-KMT-01,KIN-COUNCIL-1,洪允典,KMT,,REGISTERED
KIN-COUNCIL-1-KMT-02,KIN-COUNCIL-1,董家瑋,KMT,,REGISTERED
KIN-COUNCIL-1-KMT-03,KIN-COUNCIL-1,倪于媃,KMT,,REGISTERED
KIN-COUNCIL-1-KMT-04,KIN-COUNCIL-1,陳子芸,KMT,,REGISTERED
KIN-COUNCIL-2-KMT-01,KIN-COUNCIL-2,周子傑,KMT,,REGISTERED
KIN-COUNCIL-2-KMT-02,KIN-COUNCIL-2,王秀玉,KMT,,REGISTERED
KIN-COUNCIL-2-KMT-03,KIN-COUNCIL-2,王國代,KMT,,REGISTERED
LIE-COUNCIL-1-KMT-01,LIE-COUNCIL-1,陳書建,KMT,,REGISTERED
LIE-COUNCIL-1-KMT-02,LIE-COUNCIL-1,曹丞君,KMT,,REGISTERED
LIE-COUNCIL-1-KMT-03,LIE-COUNCIL-1,林明揚,KMT,,REGISTERED
LIE-COUNCIL-2-KMT-01,LIE-COUNCIL-2,周瑞國,KMT,,REGISTERED
LIE-COUNCIL-2-KMT-02,LIE-COUNCIL-2,陳玉發,KMT,,REGISTERED
LIE-COUNCIL-3-KMT-01,LIE-COUNCIL-3,陳貽斌,KMT,,REGISTERED
LIE-COUNCIL-4-KMT-01,LIE-COUNCIL-4,林德建,KMT,,REGISTERED
town-10010050-TOWNSHIP-KMT-01,town-10010050-TOWNSHIP,林于玲,KMT,,REGISTERED
town-09007010-TOWNSHIP-KMT-01,town-09007010-TOWNSHIP,林志東,KMT,,REGISTERED
town-09007020-TOWNSHIP-KMT-01,town-09007020-TOWNSHIP,吳金平,KMT,,REGISTERED
town-09007030-TOWNSHIP-KMT-01,town-09007030-TOWNSHIP,陳樂禮,KMT,,REGISTERED
town-10002010-TOWNSHIP-KMT-01,town-10002010-TOWNSHIP,陳美玲,KMT,,REGISTERED
town-10002040-TOWNSHIP-KMT-01,town-10002040-TOWNSHIP,蔡文益,KMT,,REGISTERED
town-10002050-TOWNSHIP-KMT-01,town-10002050-TOWNSHIP,游見璋,KMT,,REGISTERED
town-10002070-TOWNSHIP-KMT-01,town-10002070-TOWNSHIP,黃雯如,KMT,,REGISTERED
town-10002020-TOWNSHIP-KMT-01,town-10002020-TOWNSHIP,陳鴻禧,KMT,,REGISTERED
town-10002030-TOWNSHIP-KMT-01,town-10002030-TOWNSHIP,陳金麟,KMT,,REGISTERED
town-10002060-TOWNSHIP-KMT-01,town-10002060-TOWNSHIP,張家豪,KMT,,REGISTERED
town-10002080-TOWNSHIP-KMT-01,town-10002080-TOWNSHIP,林松根,KMT,,REGISTERED
town-10002100-TOWNSHIP-KMT-01,town-10002100-TOWNSHIP,江淳銘,KMT,,REGISTERED
town-10002110-TOWNSHIP-KMT-01,town-10002110-TOWNSHIP,胡文聰,KMT,,REGISTERED
town-10002120-TOWNSHIP-KMT-01,town-10002120-TOWNSHIP,游吉祥,KMT,,REGISTERED
town-10007030-TOWNSHIP-KMT-01,town-10007030-TOWNSHIP,林庚壬,KMT,,REGISTERED
town-10007170-TOWNSHIP-KMT-01,town-10007170-TOWNSHIP,蕭浚二,KMT,,REGISTERED
town-10007230-TOWNSHIP-KMT-01,town-10007230-TOWNSHIP,林保玲,KMT,,REGISTERED
town-10007080-TOWNSHIP-KMT-01,town-10007080-TOWNSHIP,沈文盛,KMT,,REGISTERED
town-10007040-TOWNSHIP-KMT-01,town-10007040-TOWNSHIP,黃漢皇,KMT,,REGISTERED
town-10007070-TOWNSHIP-KMT-01,town-10007070-TOWNSHIP,鄭倫杰,KMT,,REGISTERED
town-10007110-TOWNSHIP-KMT-01,town-10007110-TOWNSHIP,陳貞妃,KMT,,REGISTERED
town-10007060-TOWNSHIP-KMT-01,town-10007060-TOWNSHIP,黃俊源,KMT,,REGISTERED
town-10007200-TOWNSHIP-KMT-01,town-10007200-TOWNSHIP,陳一惇,KMT,,REGISTERED
town-10007100-TOWNSHIP-KMT-01,town-10007100-TOWNSHIP,凃俊任,KMT,,REGISTERED
town-10007010-TOWNSHIP-KMT-01,town-10007010-TOWNSHIP,陳文賓,KMT,,REGISTERED
town-10007140-TOWNSHIP-KMT-01,town-10007140-TOWNSHIP,施建樑,KMT,,REGISTERED
town-10005010-TOWNSHIP-KMT-01,town-10005010-TOWNSHIP,余文忠,KMT,,REGISTERED
town-10005050-TOWNSHIP-KMT-01,town-10005050-TOWNSHIP,徐功凡,KMT,,REGISTERED
town-10005140-TOWNSHIP-KMT-01,town-10005140-TOWNSHIP,古秋雲,KMT,,REGISTERED
town-10004050-TOWNSHIP-KMT-01,town-10004050-TOWNSHIP,吳淑君,KMT,,REGISTERED
town-10004100-TOWNSHIP-KMT-01,town-10004100-TOWNSHIP,邱振瑋,KMT,,REGISTERED
town-10004020-TOWNSHIP-KMT-01,town-10004020-TOWNSHIP,范國威,KMT,,REGISTERED
town-10004040-TOWNSHIP-KMT-01,town-10004040-TOWNSHIP,劉德樑,KMT,,REGISTERED
town-10004060-TOWNSHIP-KMT-01,town-10004060-TOWNSHIP,鄭旭凱,KMT,,REGISTERED
town-10004070-TOWNSHIP-KMT-01,town-10004070-TOWNSHIP,陳星宏,KMT,,REGISTERED
town-10004090-TOWNSHIP-KMT-01,town-10004090-TOWNSHIP,徐鏡明,KMT,,REGISTERED
town-10004120-TOWNSHIP-KMT-01,town-10004120-TOWNSHIP,劉建民,KMT,,REGISTERED
town-10004130-TOWNSHIP-KMT-01,town-10004130-TOWNSHIP,秋維書,KMT,,REGISTERED
town-10004030-TOWNSHIP-KMT-01,town-10004030-TOWNSHIP,陳英樓,KMT,,REGISTERED
town-10004010-TOWNSHIP-KMT-01,town-10004010-TOWNSHIP,吳旭智,KMT,,REGISTERED
town-10013010-TOWNSHIP-KMT-01,town-10013010-TOWNSHIP,周佳琪,KMT,,REGISTERED
town-10013020-TOWNSHIP-KMT-01,town-10013020-TOWNSHIP,王建元,KMT,,REGISTERED
town-10013320-TOWNSHIP-KMT-01,town-10013320-TOWNSHIP,朱宏恩,KMT,,REGISTERED
town-10013300-TOWNSHIP-KMT-01,town-10013300-TOWNSHIP,曾譯影,KMT,,REGISTERED
town-10013290-TOWNSHIP-KMT-01,town-10013290-TOWNSHIP,曾大衛,KMT,,REGISTERED
town-10013280-TOWNSHIP-KMT-01,town-10013280-TOWNSHIP,羅清仁,KMT,,REGISTERED
town-10013030-TOWNSHIP-KMT-01,town-10013030-TOWNSHIP,洪志明,KMT,,REGISTERED
town-10013260-TOWNSHIP-KMT-01,town-10013260-TOWNSHIP,謝志鴻,KMT,,REGISTERED
town-10013040-TOWNSHIP-KMT-01,town-10013040-TOWNSHIP,盧玟欣,KMT,,REGISTERED
town-10008090-TOWNSHIP-KMT-01,town-10008090-TOWNSHIP,王若嵐,KMT,,REGISTERED
town-10008040-TOWNSHIP-KMT-01,town-10008040-TOWNSHIP,蔡孟娥,KMT,,REGISTERED
town-10008060-TOWNSHIP-KMT-01,town-10008060-TOWNSHIP,蔡宗智,KMT,,REGISTERED
town-10008010-TOWNSHIP-KMT-01,town-10008010-TOWNSHIP,張嘉哲,KMT,,REGISTERED
town-10008030-TOWNSHIP-KMT-01,town-10008030-TOWNSHIP,簡賜勝,KMT,,REGISTERED
town-10008050-TOWNSHIP-KMT-01,town-10008050-TOWNSHIP,吳大村,KMT,,REGISTERED
town-10008100-TOWNSHIP-KMT-01,town-10008100-TOWNSHIP,邱美玲,KMT,,REGISTERED
town-10008130-TOWNSHIP-KMT-01,town-10008130-TOWNSHIP,江子信,KMT,,REGISTERED
town-10008070-TOWNSHIP-KMT-01,town-10008070-TOWNSHIP,邱紹偉,KMT,,REGISTERED
town-10008110-TOWNSHIP-KMT-01,town-10008110-TOWNSHIP,詹淵州,KMT,,REGISTERED
town-10008080-TOWNSHIP-KMT-01,town-10008080-TOWNSHIP,周俊霖,KMT,,REGISTERED
town-10008020-TOWNSHIP-KMT-01,town-10008020-TOWNSHIP,黃世芳,KMT,,REGISTERED
town-10009010-TOWNSHIP-KMT-01,town-10009010-TOWNSHIP,黃尤美,KMT,,REGISTERED
town-10009150-TOWNSHIP-KMT-01,town-10009150-TOWNSHIP,黃麗花,KMT,,REGISTERED
town-10009070-TOWNSHIP-KMT-01,town-10009070-TOWNSHIP,沈勝騰,KMT,,REGISTERED
town-10015010-TOWNSHIP-KMT-01,town-10015010-TOWNSHIP,魏嘉彥,KMT,,REGISTERED
town-10015120-TOWNSHIP-KMT-01,town-10015120-TOWNSHIP,梁光明,KMT,,REGISTERED
town-10015030-TOWNSHIP-KMT-01,town-10015030-TOWNSHIP,龔文俊,KMT,,REGISTERED
town-10015130-TOWNSHIP-KMT-01,town-10015130-TOWNSHIP,田桂花,KMT,,REGISTERED
town-10015040-TOWNSHIP-KMT-01,town-10015040-TOWNSHIP,陳柏錩,KMT,,REGISTERED
town-10015110-TOWNSHIP-KMT-01,town-10015110-TOWNSHIP,胡智民,KMT,,REGISTERED
town-10015050-TOWNSHIP-KMT-01,town-10015050-TOWNSHIP,黃金發,KMT,,REGISTERED
town-10015020-TOWNSHIP-KMT-01,town-10015020-TOWNSHIP,蕭文龍,KMT,,REGISTERED
town-10015070-TOWNSHIP-KMT-01,town-10015070-TOWNSHIP,鍾玉清,KMT,,REGISTERED
town-10015080-TOWNSHIP-KMT-01,town-10015080-TOWNSHIP,陳天高,KMT,,REGISTERED
town-10014010-TOWNSHIP-KMT-01,town-10014010-TOWNSHIP,陳銘風,KMT,,REGISTERED
town-10014020-TOWNSHIP-KMT-01,town-10014020-TOWNSHIP,謝淑貞,KMT,,REGISTERED
town-10014030-TOWNSHIP-KMT-01,town-10014030-TOWNSHIP,彭成豐,KMT,,REGISTERED
town-10014040-TOWNSHIP-KMT-01,town-10014040-TOWNSHIP,郭宗益,KMT,,REGISTERED
town-10014080-TOWNSHIP-KMT-01,town-10014080-TOWNSHIP,李光蘭,KMT,,REGISTERED
town-10014130-TOWNSHIP-KMT-01,town-10014130-TOWNSHIP,余光雄,KMT,,REGISTERED
town-10014070-TOWNSHIP-KMT-01,town-10014070-TOWNSHIP,葉啟煒,KMT,,REGISTERED
town-10014110-TOWNSHIP-KMT-01,town-10014110-TOWNSHIP,王姷力,KMT,,REGISTERED
town-10014120-TOWNSHIP-KMT-01,town-10014120-TOWNSHIP,張全馨嵐,KMT,,REGISTERED
